14,37,6,-3.1533e+05,-1.1162e+06,6.8806e+06,7682.2,541.11,-88.838,171.66,-89.497,170.9
14,37,7,-3.0765e+05,-1.1157e+06,6.8805e+06,7682.5,542.41,-96.891,171.82,-89.499,171.05
14,37,8,-2.9996e+05,-1.1151e+06,6.8804e+06,7682.9,543.71,-104.94,171.97,-89.5,171.19
14,37,9,-2.9228e+05,-1.1146e+06,6.8803e+06,7683.2,545.01,-113,172.13,-89.502,171.34
14,37,10,-2.846e+05,-1.114e+06,6.8802e+06,7683.6,546.32,-121.06,172.33,-89.508,171.54
14,37,11,-2.7691e+05,-1.1135e+06,6.8801e+06,7683.9,547.62,-129.12,172.64,-89.522,171.83
14,37,12,-2.6923e+05,-1.1129e+06,6.88e+06,7684.2,548.92,-137.18,172.94,-89.536,172.13
14,37,13,-2.6154e+05,-1.1124e+06,6.8798e+06,7684.6,550.22,-145.24,173.24,-89.55,172.43
14,37,14,-2.5386e+05,-1.1118e+06,6.8797e+06,7684.9,551.52,-153.3,173.54,-89.564,172.72
14,37,15,-2.4617e+05,-1.1113e+06,6.8795e+06,7685.2,552.82,-161.37,173.84,-89.578,173.02
14,37,16,-2.3849e+05,-1.1107e+06,6.8794e+06,7685.5,554.12,-169.43,174.14,-89.592,173.31
14,37,17,-2.308e+05,-1.1102e+06,6.8792e+06,7685.7,555.42,-177.5,174.44,-89.606,173.61
14,37,18,-2.2312e+05,-1.1096e+06,6.879e+06,7686,556.72,-185.57,174.74,-89.62,173.91
14,37,20,-2.0774e+05,-1.1085e+06,6.8786e+06,7686.5,559.31,-201.72,175.16,-89.645,174.32
14,37,21,-2.0006e+05,-1.108e+06,6.8784e+06,7686.8,560.61,-209.79,174.91,-89.65,174.08
14,37,22,-1.9237e+05,-1.1074e+06,6.8782e+06,7687,561.91,-217.86,174.66,-89.656,173.83
14,37,23,-1.8468e+05,-1.1068e+06,6.878e+06,7687.2,563.21,-225.94,174.41,-89.662,173.58
14,37,24,-1.7699e+05,-1.1063e+06,6.8778e+06,7687.5,564.5,-234.02,174.15,-89.667,173.34
14,37,25,-1.6931e+05,-1.1057e+06,6.8776e+06,7687.7,565.8,-242.1,173.9,-89.673,173.09
14,37,26,-1.6162e+05,-1.1051e+06,6.8773e+06,7687.9,567.1,-250.18,173.65,-89.678,172.85
14,37,27,-1.5393e+05,-1.1046e+06,6.8771e+06,7688.1,568.39,-258.27,173.4,-89.684,172.6
14,37,28,-1.4624e+05,-1.104e+06,6.8768e+06,7688.2,569.69,-266.35,173.14,-89.69,172.35
14,37,29,-1.3856e+05,-1.1034e+06,6.8766e+06,7688.4,570.98,-274.44,172.89,-89.695,172.11
14,37,30,-1.3087e+05,-1.1029e+06,6.8763e+06,7688.6,572.28,-282.52,172.61,-89.7,171.83
14,37,31,-1.2318e+05,-1.1023e+06,6.876e+06,7688.7,573.57,-290.61,172.26,-89.701,171.49
14,37,32,-1.1549e+05,-1.1017e+06,6.8757e+06,7688.9,574.86,-298.7,171.91,-89.703,171.15
14,37,33,-1.078e+05,-1.1011e+06,6.8754e+06,7689,576.16,-306.79,171.56,-89.705,170.81
14,37,34,-1.0011e+05,-1.1006e+06,6.8751e+06,7689.2,577.45,-314.89,171.21,-89.707,170.47
14,37,35,-92424,-1.1e+06,6.8748e+06,7689.3,578.74,-322.98,170.86,-89.709,170.14
14,37,36,-84735,-1.0994e+06,6.8745e+06,7689.4,580.04,-331.08,170.51,-89.71,169.8
14,37,37,-77046,-1.0988e+06,6.8742e+06,7689.5,581.33,-339.17,170.16,-89.712,169.46
14,37,38,-69356,-1.0983e+06,6.8738e+06,7689.6,582.62,-347.27,169.81,-89.714,169.12
14,37,39,-61667,-1.0977e+06,6.8735e+06,7689.7,583.91,-355.37,169.46,-89.716,168.78
14,37,40,-53978,-1.0971e+06,6.8731e+06,7689.8,585.2,-363.47,169.09,-89.718,168.42
14,37,41,-46288,-1.0965e+06,6.8728e+06,7689.8,586.49,-371.57,168.68,-89.722,168.02
14,37,42,-38599,-1.0959e+06,6.8724e+06,7689.9,587.78,-379.68,168.27,-89.725,167.61
14,37,43,-30910,-1.0953e+06,6.872e+06,7689.9,589.07,-387.78,167.86,-89.728,167.21
14,37,44,-23220,-1.0947e+06,6.8717e+06,7690,590.36,-395.89,167.45,-89.732,166.81
14,37,45,-15531,-1.0942e+06,6.8713e+06,7690,591.65,-404,167.04,-89.735,166.41
14,37,46,-7841.6,-1.0936e+06,6.8709e+06,7690,592.93,-412.11,166.63,-89.739,166
14,37,47,-152.15,-1.093e+06,6.8704e+06,7690,594.22,-420.22,166.22,-89.742,165.6
14,37,48,7537.6,-1.0924e+06,6.87e+06,7690,595.51,-428.33,165.8,-89.745,165.2
14,37,50,22916,-1.0912e+06,6.8692e+06,7690,598.08,-444.56,165,-89.752,164.41
14,37,51,30606,-1.0906e+06,6.8687e+06,7690,599.37,-452.67,164.63,-89.756,164.05
14,37,52,38295,-1.09e+06,6.8683e+06,7689.9,600.65,-460.79,164.26,-89.76,163.69
14,37,53,45984,-1.0894e+06,6.8678e+06,7689.9,601.94,-468.91,163.89,-89.763,163.32
14,37,54,53673,-1.0888e+06,6.8673e+06,7689.8,603.22,-477.03,163.52,-89.767,162.96
14,37,55,61362,-1.0882e+06,6.8669e+06,7689.8,604.51,-485.15,163.15,-89.771,162.6
14,37,56,69052,-1.0876e+06,6.8664e+06,7689.7,605.79,-493.27,162.78,-89.774,162.24
14,37,57,76741,-1.087e+06,6.8659e+06,7689.6,607.07,-501.39,162.41,-89.778,161.88
14,37,58,84429,-1.0864e+06,6.8654e+06,7689.5,608.36,-509.52,162.04,-89.782,161.52
14,37,59,92118,-1.0858e+06,6.8649e+06,7689.4,609.64,-517.64,161.67,-89.785,161.16
14,38,0,99807,-1.0851e+06,6.8643e+06,7689.3,610.92,-525.77,161.15,-89.79,160.64
14,38,1,1.075e+05,-1.0845e+06,6.8638e+06,7689.2,612.2,-533.9,160.31,-89.797,159.81
14,38,2,1.1518e+05,-1.0839e+06,6.8633e+06,7689,613.48,-542.03,159.47,-89.803,158.98
14,38,3,1.2287e+05,-1.0833e+06,6.8627e+06,7688.9,614.76,-550.16,158.63,-89.81,158.14
14,38,4,1.3056e+05,-1.0827e+06,6.8622e+06,7688.8,616.04,-558.29,157.79,-89.817,157.31
14,38,5,1.3825e+05,-1.0821e+06,6.8616e+06,7688.6,617.32,-566.43,156.95,-89.823,156.47
14,38,6,1.4594e+05,-1.0815e+06,6.861e+06,7688.4,618.6,-574.56,156.11,-89.83,155.64
14,38,7,1.5362e+05,-1.0808e+06,6.8604e+06,7688.2,619.88,-582.7,155.27,-89.836,154.8
14,38,8,1.6131e+05,-1.0802e+06,6.8598e+06,7688,621.16,-590.83,154.43,-89.843,153.97
14,38,9,1.69e+05,-1.0796e+06,6.8592e+06,7687.8,622.43,-598.97,153.58,-89.85,153.14
14,38,10,1.7669e+05,-1.079e+06,6.8586e+06,7687.6,623.71,-607.11,152.4,-89.856,151.96
14,38,11,1.8437e+05,-1.0783e+06,6.858e+06,7687.4,624.99,-615.25,150.49,-89.862,150.06
14,38,12,1.9206e+05,-1.0777e+06,6.8574e+06,7687.2,626.26,-623.39,148.59,-89.867,148.16
14,38,13,1.9975e+05,-1.0771e+06,6.8568e+06,7686.9,627.54,-631.53,146.68,-89.873,146.26
14,38,14,2.0743e+05,-1.0765e+06,6.8561e+06,7686.7,628.81,-639.68,144.78,-89.879,144.36
14,38,15,2.1512e+05,-1.0758e+06,6.8555e+06,7686.4,630.09,-647.82,142.87,-89.885,142.47
14,38,16,2.228e+05,-1.0752e+06,6.8548e+06,7686.2,631.36,-655.97,140.97,-89.891,140.57
14,38,17,2.3049e+05,-1.0746e+06,6.8541e+06,7685.9,632.63,-664.11,139.06,-89.896,138.67
14,38,18,2.3817e+05,-1.0739e+06,6.8535e+06,7685.6,633.91,-672.26,137.16,-89.902,136.77
14,38,20,2.5354e+05,-1.0727e+06,6.8521e+06,7685,636.45,-688.56,131.87,-89.913,131.5
14,38,21,2.6123e+05,-1.072e+06,6.8514e+06,7684.7,637.72,-696.71,125.41,-89.916,125.05
14,38,22,2.6891e+05,-1.0714e+06,6.8507e+06,7684.4,638.99,-704.86,118.95,-89.919,118.59
14,38,23,2.766e+05,-1.0707e+06,6.85e+06,7684,640.27,-713.01,112.49,-89.921,112.14
14,38,24,2.8428e+05,-1.0701e+06,6.8492e+06,7683.7,641.54,-721.17,106.04,-89.924,105.69
14,38,25,2.9196e+05,-1.0694e+06,6.8485e+06,7683.3,642.81,-729.32,99.577,-89.927,99.238
14,38,26,2.9965e+05,-1.0688e+06,6.8478e+06,7683,644.07,-737.48,93.118,-89.93,92.786
14,38,27,3.0733e+05,-1.0682e+06,6.847e+06,7682.6,645.34,-745.63,86.659,-89.933,86.334
14,38,28,3.1501e+05,-1.0675e+06,6.8463e+06,7682.2,646.61,-753.79,80.2,-89.935,79.882
14,38,29,3.2269e+05,-1.0669e+06,6.8455e+06,7681.8,647.88,-761.95,73.742,-89.938,73.43
14,38,30,3.3037e+05,-1.0662e+06,6.8447e+06,7681.5,649.15,-770.1,67.934,-89.938,67.63
14,38,31,3.3805e+05,-1.0656e+06,6.8439e+06,7681,650.41,-778.26,63.486,-89.933,63.189
14,38,32,3.4574e+05,-1.0649e+06,6.8432e+06,7680.6,651.68,-786.42,59.038,-89.927,58.748
14,38,33,3.5342e+05,-1.0643e+06,6.8424e+06,7680.2,652.94,-794.59,54.59,-89.922,54.307
14,38,34,3.611e+05,-1.0636e+06,6.8415e+06,7679.8,654.21,-802.75,50.142,-89.917,49.866
14,38,35,3.6877e+05,-1.0629e+06,6.8407e+06,7679.3,655.47,-810.91,45.694,-89.911,45.426
14,38,36,3.7645e+05,-1.0623e+06,6.8399e+06,7678.9,656.74,-819.07,41.246,-89.906,40.985
14,38,37,3.8413e+05,-1.0616e+06,6.8391e+06,7678.4,658,-827.24,36.798,-89.9,36.544
14,38,38,3.9181e+05,-1.061e+06,6.8382e+06,7678,659.27,-835.4,32.349,-89.895,32.103
14,38,39,3.9949e+05,-1.0603e+06,6.8374e+06,7677.5,660.53,-843.57,27.901,-89.89,27.662
14,38,40,4.0717e+05,-1.0596e+06,6.8365e+06,7677,661.79,-851.73,24.418,-89.883,24.186
14,38,41,4.1484e+05,-1.059e+06,6.8357e+06,7676.5,663.05,-859.9,22.948,-89.873,22.724
14,38,42,4.2252e+05,-1.0583e+06,6.8348e+06,7676,664.31,-868.07,21.478,-89.863,21.261
14,38,43,4.3019e+05,-1.0577e+06,6.8339e+06,7675.5,665.57,-876.24,20.008,-89.853,19.799
14,38,44,4.3787e+05,-1.057e+06,6.8331e+06,7674.9,666.83,-884.41,18.538,-89.843,18.336
14,38,45,4.4554e+05,-1.0563e+06,6.8322e+06,7674.4,668.09,-892.58,17.068,-89.833,16.874
14,38,46,4.5322e+05,-1.0557e+06,6.8313e+06,7673.9,669.35,-900.75,15.598,-89.823,15.411
14,38,47,4.6089e+05,-1.055e+06,6.8303e+06,7673.3,670.61,-908.92,14.129,-89.813,13.949
16,13,16,-3.289e+06,-1.2222e+06,6.29e+06,6873.6,-0.85482,2923.1,-29.951,-89.653,-29.984
16,13,17,-3.2821e+06,-1.2222e+06,6.293e+06,6877.1,0.44434,2916.4,-33.056,-89.683,-33.115
16,13,20,-3.2627e+06,-1.2222e+06,6.3012e+06,6887,4.112,2897.5,-40.928,-89.758,-41.051
16,13,21,-3.2558e+06,-1.2222e+06,6.3041e+06,6890.4,5.4122,2890.8,-40.837,-89.751,-40.961
16,13,22,-3.2489e+06,-1.2222e+06,6.307e+06,6893.9,6.7128,2884,-40.746,-89.744,-40.87
16,13,23,-3.242e+06,-1.2222e+06,6.3099e+06,6897.4,8.0136,2877.3,-40.654,-89.737,-40.78
16,13,24,-3.2351e+06,-1.2222e+06,6.3127e+06,6900.8,9.3148,2870.6,-40.563,-89.729,-40.69
16,13,25,-3.2282e+06,-1.2222e+06,6.3156e+06,6904.3,10.616,2863.8,-40.472,-89.722,-40.6
16,13,26,-3.2213e+06,-1.2222e+06,6.3185e+06,6907.7,11.918,2857.1,-40.381,-89.715,-40.51
16,13,27,-3.2144e+06,-1.2222e+06,6.3213e+06,6911.1,13.22,2850.4,-40.29,-89.708,-40.419
16,13,28,-3.2075e+06,-1.2221e+06,6.3242e+06,6914.6,14.522,2843.6,-40.199,-89.701,-40.329
16,13,29,-3.2006e+06,-1.2221e+06,6.327e+06,6918,15.825,2836.8,-40.108,-89.694,-40.239
16,13,30,-3.1937e+06,-1.2221e+06,6.3299e+06,6921.4,17.128,2830.1,-40.017,-89.686,-40.149
16,13,31,-3.1867e+06,-1.2221e+06,6.3327e+06,6924.8,18.431,2823.3,-39.926,-89.679,-40.059
16,13,32,-3.1798e+06,-1.2221e+06,6.3355e+06,6928.2,19.734,2816.6,-39.835,-89.672,-39.968
16,13,33,-3.1729e+06,-1.2221e+06,6.3384e+06,6931.6,21.038,2809.8,-39.744,-89.665,-39.878
16,13,34,-3.166e+06,-1.222e+06,6.3412e+06,6935,22.342,2803,-39.653,-89.658,-39.788
16,13,35,-3.159e+06,-1.222e+06,6.344e+06,6938.4,23.646,2796.2,-39.562,-89.651,-39.698
16,13,36,-3.1521e+06,-1.222e+06,6.3468e+06,6941.8,24.951,2789.4,-39.471,-89.643,-39.608
16,13,37,-3.1451e+06,-1.222e+06,6.3496e+06,6945.1,26.256,2782.6,-39.38,-89.636,-39.517
16,13,38,-3.1382e+06,-1.222e+06,6.3524e+06,6948.5,27.561,2775.8,-39.289,-89.629,-39.427
16,13,39,-3.1313e+06,-1.2219e+06,6.3551e+06,6951.9,28.866,2769,-39.198,-89.622,-39.337
16,13,40,-3.1243e+06,-1.2219e+06,6.3579e+06,6955.2,30.172,2762.2,-39.107,-89.615,-39.247
16,13,41,-3.1174e+06,-1.2219e+06,6.3607e+06,6958.5,31.478,2755.4,-39.016,-89.608,-39.157
16,13,42,-3.1104e+06,-1.2218e+06,6.3634e+06,6961.9,32.784,2748.6,-38.925,-89.6,-39.066
16,13,43,-3.1034e+06,-1.2218e+06,6.3662e+06,6965.2,34.091,2741.8,-38.834,-89.593,-38.976
16,13,44,-3.0965e+06,-1.2218e+06,6.3689e+06,6968.5,35.398,2735,-38.743,-89.586,-38.886
16,13,45,-3.0895e+06,-1.2217e+06,6.3717e+06,6971.8,36.705,2728.1,-38.652,-89.579,-38.796
16,13,46,-3.0825e+06,-1.2217e+06,6.3744e+06,6975.2,38.012,2721.3,-38.561,-89.572,-38.706
16,13,47,-3.0756e+06,-1.2217e+06,6.3771e+06,6978.5,39.32,2714.4,-38.47,-89.565,-38.615
16,13,48,-3.0686e+06,-1.2216e+06,6.3798e+06,6981.7,40.628,2707.6,-38.378,-89.558,-38.525
16,13,50,-3.0546e+06,-1.2215e+06,6.3852e+06,6988.3,43.245,2693.9,-38.196,-89.543,-38.345
16,13,51,-3.0476e+06,-1.2215e+06,6.3879e+06,6991.6,44.553,2687,-38.105,-89.536,-38.255
16,13,52,-3.0406e+06,-1.2215e+06,6.3906e+06,6994.9,45.862,2680.2,-38.014,-89.529,-38.164
16,13,53,-3.0336e+06,-1.2214e+06,6.3933e+06,6998.1,47.172,2673.3,-37.923,-89.522,-38.074
16,13,54,-3.0266e+06,-1.2214e+06,6.396e+06,7001.4,48.481,2666.4,-37.832,-89.515,-37.984
16,13,55,-3.0196e+06,-1.2213e+06,6.3986e+06,7004.6,49.791,2659.6,-37.741,-89.507,-37.894
16,13,56,-3.0126e+06,-1.2213e+06,6.4013e+06,7007.8,51.101,2652.7,-37.65,-89.5,-37.804
16,13,57,-3.0056e+06,-1.2212e+06,6.404e+06,7011.1,52.412,2645.8,-37.559,-89.493,-37.713
16,13,58,-2.9986e+06,-1.2212e+06,6.4066e+06,7014.3,53.722,2638.9,-37.468,-89.486,-37.623
16,13,59,-2.9916e+06,-1.2211e+06,6.4092e+06,7017.5,55.033,2632,-37.377,-89.479,-37.533
16,14,0,-2.9846e+06,-1.221e+06,6.4119e+06,7020.7,56.345,2625.1,-37.286,-89.472,-37.443
16,14,1,-2.9776e+06,-1.221e+06,6.4145e+06,7023.9,57.656,2618.2,-37.195,-89.464,-37.353
16,14,2,-2.9705e+06,-1.2209e+06,6.4171e+06,7027.1,58.968,2611.3,-37.104,-89.457,-37.262
16,14,3,-2.9635e+06,-1.2209e+06,6.4197e+06,7030.3,60.28,2604.4,-37.013,-89.45,-37.172
16,14,4,-2.9565e+06,-1.2208e+06,6.4223e+06,7033.5,61.592,2597.4,-36.922,-89.443,-37.082
16,14,5,-2.9494e+06,-1.2207e+06,6.4249e+06,7036.7,62.905,2590.5,-36.831,-89.436,-36.992
16,14,6,-2.9424e+06,-1.2207e+06,6.4275e+06,7039.8,64.218,2583.6,-36.74,-89.429,-36.902
16,14,7,-2.9354e+06,-1.2206e+06,6.43e+06,7043,65.531,2576.7,-36.649,-89.421,-36.811
16,14,8,-2.9283e+06,-1.2205e+06,6.4326e+06,7046.1,66.845,2569.7,-36.558,-89.414,-36.721
16,14,9,-2.9213e+06,-1.2205e+06,6.4352e+06,7049.3,68.158,2562.8,-36.467,-89.407,-36.631
16,14,10,-2.9142e+06,-1.2204e+06,6.4377e+06,7052.4,69.472,2555.8,-36.095,-89.405,-36.258
16,14,11,-2.9072e+06,-1.2203e+06,6.4403e+06,7055.5,70.786,2548.9,-34.998,-89.415,-35.154
16,14,12,-2.9001e+06,-1.2203e+06,6.4428e+06,7058.7,72.101,2541.9,-33.901,-89.426,-34.05
16,14,13,-2.893e+06,-1.2202e+06,6.4454e+06,7061.8,73.415,2534.9,-32.804,-89.436,-32.946
16,14,14,-2.886e+06,-1.2201e+06,6.4479e+06,7064.9,74.73,2528,-31.707,-89.447,-31.841
16,14,15,-2.8789e+06,-1.22e+06,6.4504e+06,7068,76.045,2521,-30.61,-89.457,-30.737
16,14,16,-2.8718e+06,-1.22e+06,6.4529e+06,7071.1,77.361,2514,-29.513,-89.468,-29.633
16,14,17,-2.8648e+06,-1.2199e+06,6.4554e+06,7074.2,78.676,2507,-28.416,-89.478,-28.529
16,14,18,-2.8577e+06,-1.2198e+06,6.4579e+06,7077.2,79.992,2500.1,-27.319,-89.489,-27.425
16,14,20,-2.8435e+06,-1.2196e+06,6.4629e+06,7083.4,82.625,2486.1,-25.491,-89.511,-25.585
16,14,21,-2.8364e+06,-1.2196e+06,6.4654e+06,7086.4,83.941,2479.1,-25.706,-89.527,-25.802
16,14,22,-2.8293e+06,-1.2195e+06,6.4678e+06,7089.5,85.258,2472.1,-25.922,-89.543,-26.019
16,14,23,-2.8222e+06,-1.2194e+06,6.4703e+06,7092.5,86.575,2465.1,-26.137,-89.559,-26.236
16,14,24,-2.8151e+06,-1.2193e+06,6.4727e+06,7095.6,87.892,2458.1,-26.352,-89.575,-26.452
16,14,25,-2.808e+06,-1.2192e+06,6.4752e+06,7098.6,89.21,2451,-26.568,-89.591,-26.669
16,14,26,-2.8009e+06,-1.2191e+06,6.4776e+06,7101.6,90.527,2444,-26.783,-89.607,-26.886
16,14,27,-2.7938e+06,-1.219e+06,6.4801e+06,7104.6,91.845,2437,-26.998,-89.623,-27.102
16,14,28,-2.7867e+06,-1.2189e+06,6.4825e+06,7107.7,93.163,2430,-27.213,-89.639,-27.319
16,14,29,-2.7796e+06,-1.2188e+06,6.4849e+06,7110.7,94.482,2422.9,-27.429,-89.655,-27.536
16,14,30,-2.7725e+06,-1.2187e+06,6.4873e+06,7113.7,95.8,2415.9,-27.238,-89.669,-27.343
16,14,31,-2.7654e+06,-1.2186e+06,6.4897e+06,7116.6,97.119,2408.8,-25.996,-89.677,-26.094
16,14,32,-2.7583e+06,-1.2185e+06,6.4921e+06,7119.6,98.438,2401.8,-24.755,-89.685,-24.845
16,14,33,-2.7511e+06,-1.2184e+06,6.4945e+06,7122.6,99.757,2394.8,-23.514,-89.693,-23.596
16,14,34,-2.744e+06,-1.2183e+06,6.4969e+06,7125.6,101.08,2387.7,-22.273,-89.7,-22.347
16,14,35,-2.7369e+06,-1.2182e+06,6.4993e+06,7128.5,102.4,2380.6,-21.032,-89.708,-21.098
16,14,36,-2.7297e+06,-1.2181e+06,6.5017e+06,7131.5,103.72,2373.6,-19.79,-89.716,-19.849
16,14,37,-2.7226e+06,-1.218e+06,6.504e+06,7134.4,105.04,2366.5,-18.549,-89.724,-18.6
16,14,38,-2.7155e+06,-1.2179e+06,6.5064e+06,7137.4,106.36,2359.4,-17.308,-89.732,-17.351
16,14,39,-2.7083e+06,-1.2178e+06,6.5087e+06,7140.3,107.68,2352.4,-16.067,-89.739,-16.102
16,14,40,-2.7012e+06,-1.2177e+06,6.5111e+06,7143.2,109,2345.3,-14.628,-89.745,-14.657
16,14,41,-2.694e+06,-1.2176e+06,6.5134e+06,7146.2,110.32,2338.2,-12.678,-89.745,-12.707
16,14,42,-2.6869e+06,-1.2175e+06,6.5157e+06,7149.1,111.64,2331.1,-10.729,-89.745,-10.756
16,14,43,-2.6797e+06,-1.2174e+06,6.5181e+06,7152,112.96,2324,-8.7792,-89.746,-8.8053
16,14,44,-2.6726e+06,-1.2172e+06,6.5204e+06,7154.9,114.28,2316.9,-6.8297,-89.746,-6.8546
16,14,45,-2.6654e+06,-1.2171e+06,6.5227e+06,7157.8,115.6,2309.8,-4.8802,-89.746,-4.9039
16,14,46,-2.6583e+06,-1.217e+06,6.525e+06,7160.7,116.92,2302.7,-2.9307,-89.746,-2.9532
16,14,47,-2.6511e+06,-1.2169e+06,6.5273e+06,7163.5,118.25,2295.6,-0.98122,-89.746,-1.0025
16,14,48,-2.6439e+06,-1.2168e+06,6.5296e+06,7166.4,119.57,2288.5,0.96835,-89.747,0.94829
16,14,50,-2.6296e+06,-1.2165e+06,6.5341e+06,7172.1,122.21,2274.3,4.6087,-89.747,4.5921
16,14,51,-2.6224e+06,-1.2164e+06,6.5364e+06,7175,123.53,2267.1,5.6318,-89.748,5.6204
16,14,52,-2.6152e+06,-1.2163e+06,6.5387e+06,7177.8,124.86,2260,6.6549,-89.749,6.6487
16,14,53,-2.6081e+06,-1.2162e+06,6.5409e+06,7180.7,126.18,2252.9,7.6779,-89.75,7.677
16,14,54,-2.6009e+06,-1.216e+06,6.5432e+06,7183.5,127.5,2245.7,8.701,-89.75,8.7053
16,14,55,-2.5937e+06,-1.2159e+06,6.5454e+06,7186.3,128.83,2238.6,9.7242,-89.751,9.7336
16,14,56,-2.5865e+06,-1.2158e+06,6.5476e+06,7189.1,130.15,2231.4,10.747,-89.752,10.762
16,14,57,-2.5793e+06,-1.2156e+06,6.5499e+06,7192,131.47,2224.3,11.77,-89.753,11.79
16,14,58,-2.5721e+06,-1.2155e+06,6.5521e+06,7194.8,132.8,2217.1,12.793,-89.754,12.818
16,14,59,-2.5649e+06,-1.2154e+06,6.5543e+06,7197.6,134.12,2210,13.817,-89.754,13.847
16,15,0,-2.5577e+06,-1.2152e+06,6.5565e+06,7200.4,135.45,2202.8,14.58,-89.757,14.613
16,15,1,-2.5505e+06,-1.2151e+06,6.5587e+06,7203.1,136.77,2195.7,14.672,-89.764,14.702
16,15,2,-2.5433e+06,-1.215e+06,6.5609e+06,7205.9,138.09,2188.5,14.764,-89.772,14.791
16,15,3,-2.5361e+06,-1.2148e+06,6.5631e+06,7208.7,139.42,2181.3,14.856,-89.779,14.88
16,15,4,-2.5289e+06,-1.2147e+06,6.5653e+06,7211.4,140.74,2174.1,14.948,-89.787,14.969
16,15,5,-2.5217e+06,-1.2146e+06,6.5674e+06,7214.2,142.07,2167,15.04,-89.794,15.058
16,15,6,-2.5145e+06,-1.2144e+06,6.5696e+06,7217,143.39,2159.8,15.132,-89.801,15.147
16,15,7,-2.5072e+06,-1.2143e+06,6.5718e+06,7219.7,144.72,2152.6,15.224,-89.809,15.236
16,15,8,-2.5e+06,-1.2141e+06,6.5739e+06,7222.4,146.04,2145.4,15.316,-89.816,15.325
16,15,9,-2.4928e+06,-1.214e+06,6.5761e+06,7225.2,147.37,2138.2,15.408,-89.824,15.414
16,15,10,-2.4856e+06,-1.2138e+06,6.5782e+06,7227.9,148.7,2131,15.726,-89.829,15.731
16,15,11,-2.4783e+06,-1.2137e+06,6.5803e+06,7230.6,150.02,2123.8,16.628,-89.827,16.638
16,15,12,-2.4711e+06,-1.2135e+06,6.5825e+06,7233.3,151.35,2116.6,17.531,-89.826,17.545
16,15,13,-2.4639e+06,-1.2134e+06,6.5846e+06,7236,152.67,2109.4,18.433,-89.824,18.452
16,15,14,-2.4566e+06,-1.2132e+06,6.5867e+06,7238.7,154,2102.2,19.336,-89.823,19.359
16,15,15,-2.4494e+06,-1.2131e+06,6.5888e+06,7241.4,155.33,2095,20.238,-89.821,20.266
16,15,16,-2.4422e+06,-1.2129e+06,6.5909e+06,7244.1,156.65,2087.7,21.141,-89.82,21.173
16,15,17,-2.4349e+06,-1.2128e+06,6.593e+06,7246.7,157.98,2080.5,22.043,-89.818,22.08
16,15,18,-2.4277e+06,-1.2126e+06,6.5951e+06,7249.4,159.31,2073.3,22.946,-89.817,22.986
16,15,20,-2.4132e+06,-1.2123e+06,6.5992e+06,7254.7,161.96,2058.8,24.546,-89.813,24.594
16,15,21,-2.4059e+06,-1.2121e+06,6.6013e+06,7257.4,163.29,2051.6,24.714,-89.811,24.762
16,15,22,-2.3987e+06,-1.212e+06,6.6033e+06,7260,164.61,2044.3,24.882,-89.809,24.93
16,15,23,-2.3914e+06,-1.2118e+06,6.6054e+06,7262.6,165.94,2037.1,25.051,-89.807,25.098
16,15,24,-2.3841e+06,-1.2116e+06,6.6074e+06,7265.2,167.27,2029.8,25.219,-89.805,25.266
16,15,25,-2.3769e+06,-1.2115e+06,6.6094e+06,7267.9,168.6,2022.5,25.387,-89.803,25.434
16,15,26,-2.3696e+06,-1.2113e+06,6.6115e+06,7270.5,169.92,2015.3,25.555,-89.801,25.602
16,15,27,-2.3623e+06,-1.2111e+06,6.6135e+06,7273.1,171.25,2008,25.723,-89.799,25.77
16,15,28,-2.3551e+06,-1.211e+06,6.6155e+06,7275.7,172.58,2000.8,25.892,-89.797,25.938
16,15,29,-2.3478e+06,-1.2108e+06,6.6175e+06,7278.2,173.91,1993.5,26.06,-89.795,26.106
16,15,30,-2.3405e+06,-1.2106e+06,6.6195e+06,7280.8,175.24,1986.2,25.78,-89.794,25.825
16,15,31,-2.3332e+06,-1.2104e+06,6.6215e+06,7283.4,176.56,1978.9,24.343,-89.792,24.385
16,15,32,-2.326e+06,-1.2103e+06,6.6235e+06,7286,177.89,1971.6,22.906,-89.79,22.945
16,15,33,-2.3187e+06,-1.2101e+06,6.6254e+06,7288.5,179.22,1964.3,21.47,-89.788,21.505
16,15,34,-2.3114e+06,-1.2099e+06,6.6274e+06,7291.1,180.55,1957.1,20.033,-89.787,20.065
16,15,35,-2.3041e+06,-1.2097e+06,6.6294e+06,7293.6,181.88,1949.8,18.596,-89.785,18.624
16,15,36,-2.2968e+06,-1.2095e+06,6.6313e+06,7296.1,183.21,1942.5,17.16,-89.783,17.184
16,15,37,-2.2895e+06,-1.2094e+06,6.6333e+06,7298.7,184.54,1935.2,15.723,-89.782,15.744
16,15,38,-2.2822e+06,-1.2092e+06,6.6352e+06,7301.2,185.87,1927.8,14.286,-89.78,14.304
16,15,39,-2.2749e+06,-1.209e+06,6.6371e+06,7303.7,187.2,1920.5,12.85,-89.778,12.864
16,15,40,-2.2676e+06,-1.2088e+06,6.639e+06,7306.2,188.52,1913.2,12.057,-89.777,12.071
16,15,41,-2.2603e+06,-1.2086e+06,6.641e+06,7308.7,189.85,1905.9,12.926,-89.778,12.948
16,15,42,-2.253e+06,-1.2084e+06,6.6429e+06,7311.2,191.18,1898.6,13.795,-89.778,13.825
16,15,43,-2.2457e+06,-1.2082e+06,6.6448e+06,7313.7,192.51,1891.2,14.664,-89.779,14.702
16,15,44,-2.2384e+06,-1.208e+06,6.6467e+06,7316.1,193.84,1883.9,15.533,-89.779,15.579
16,15,45,-2.2311e+06,-1.2078e+06,6.6486e+06,7318.6,195.17,1876.6,16.402,-89.78,16.456
16,15,46,-2.2237e+06,-1.2077e+06,6.6504e+06,7321.1,196.5,1869.2,17.271,-89.78,17.333
16,15,47,-2.2164e+06,-1.2075e+06,6.6523e+06,7323.5,197.83,1861.9,18.14,-89.781,18.21
16,15,48,-2.2091e+06,-1.2073e+06,6.6542e+06,7326,199.16,1854.5,19.009,-89.781,19.087
16,15,50,-2.1944e+06,-1.2069e+06,6.6579e+06,7330.8,201.82,1839.8,24.615,-89.783,24.708
16,15,51,-2.1871e+06,-1.2067e+06,6.6597e+06,7333.2,203.16,1832.5,39.338,-89.784,39.433
16,15,52,-2.1798e+06,-1.2065e+06,6.6615e+06,7335.7,204.49,1825.1,54.06,-89.786,54.158
16,15,53,-2.1724e+06,-1.2063e+06,6.6634e+06,7338.1,205.82,1817.8,68.783,-89.788,68.884
16,15,54,-2.1651e+06,-1.206e+06,6.6652e+06,7340.5,207.15,1810.4,83.506,-89.79,83.609
16,15,55,-2.1578e+06,-1.2058e+06,6.667e+06,7342.8,208.48,1803,98.228,-89.792,98.334
16,15,56,-2.1504e+06,-1.2056e+06,6.6688e+06,7345.2,209.81,1795.6,112.95,-89.794,113.06
16,15,57,-2.1431e+06,-1.2054e+06,6.6706e+06,7347.6,211.14,1788.2,127.67,-89.796,127.78
16,15,58,-2.1357e+06,-1.2052e+06,6.6724e+06,7350,212.47,1780.9,142.4,-89.798,142.51
16,15,59,-2.1284e+06,-1.205e+06,6.6741e+06,7352.3,213.8,1773.5,157.12,-89.8,157.23
16,16,0,-2.121e+06,-1.2048e+06,6.6759e+06,7354.7,215.13,1766.1,167.97,-89.797,168.09
16,16,1,-2.1137e+06,-1.2046e+06,6.6777e+06,7357,216.47,1758.7,168.85,-89.783,168.96
16,16,2,-2.1063e+06,-1.2043e+06,6.6794e+06,7359.3,217.8,1751.3,169.72,-89.769,169.84
16,16,3,-2.099e+06,-1.2041e+06,6.6812e+06,7361.7,219.13,1743.9,170.59,-89.755,170.71
16,16,4,-2.0916e+06,-1.2039e+06,6.6829e+06,7364,220.46,1736.5,171.46,-89.742,171.58
16,16,5,-2.0842e+06,-1.2037e+06,6.6846e+06,7366.3,221.79,1729,172.34,-89.728,172.45
16,16,6,-2.0769e+06,-1.2035e+06,6.6864e+06,7368.6,223.12,1721.6,173.21,-89.714,173.32
16,16,7,-2.0695e+06,-1.2032e+06,6.6881e+06,7370.9,224.46,1714.2,174.08,-89.7,174.2
16,16,8,-2.0621e+06,-1.203e+06,6.6898e+06,7373.1,225.79,1706.8,174.95,-89.686,175.07
16,16,9,-2.0547e+06,-1.2028e+06,6.6915e+06,7375.4,227.12,1699.3,175.83,-89.672,175.94
16,16,10,-2.0474e+06,-1.2026e+06,6.6932e+06,7377.7,228.45,1691.9,176.58,-89.665,176.69
16,16,11,-2.04e+06,-1.2023e+06,6.6949e+06,7379.9,229.78,1684.5,177.02,-89.675,177.13
16,16,12,-2.0326e+06,-1.2021e+06,6.6965e+06,7382.2,231.12,1677,177.46,-89.686,177.57
16,16,13,-2.0252e+06,-1.2019e+06,6.6982e+06,7384.4,232.45,1669.6,177.9,-89.696,178.01
16,16,14,-2.0178e+06,-1.2016e+06,6.6999e+06,7386.7,233.78,1662.1,178.34,-89.707,178.46
16,16,15,-2.0104e+06,-1.2014e+06,6.7015e+06,7388.9,235.11,1654.7,178.79,-89.717,178.9
16,16,16,-2.003e+06,-1.2012e+06,6.7032e+06,7391.1,236.45,1647.2,179.23,-89.727,179.34
16,16,17,-1.9957e+06,-1.2009e+06,6.7048e+06,7393.3,237.78,1639.8,179.67,-89.738,179.78
16,16,18,-1.9883e+06,-1.2007e+06,6.7064e+06,7395.5,239.11,1632.3,-179.89,-89.748,-179.78
16,16,20,-1.9735e+06,-1.2002e+06,6.7097e+06,7399.9,241.78,1617.4,-175.22,-89.77,-175.11
16,16,21,-1.9661e+06,-1.2e+06,6.7113e+06,7402.1,243.11,1609.9,-161.2,-89.785,-161.1
16,16,22,-1.9587e+06,-1.1997e+06,6.7129e+06,7404.3,244.44,1602.4,-147.18,-89.799,-147.08
16,16,23,-1.9512e+06,-1.1995e+06,6.7145e+06,7406.4,245.78,1594.9,-133.16,-89.814,-133.07
16,16,24,-1.9438e+06,-1.1992e+06,6.716e+06,7408.6,247.11,1587.4,-119.15,-89.828,-119.06
16,16,25,-1.9364e+06,-1.199e+06,6.7176e+06,7410.7,248.44,1579.9,-105.13,-89.843,-105.04
16,16,26,-1.929e+06,-1.1987e+06,6.7192e+06,7412.9,249.77,1572.4,-91.113,-89.857,-91.029
16,16,27,-1.9216e+06,-1.1985e+06,6.7207e+06,7415,251.11,1565,-77.096,-89.872,-77.016
16,16,28,-1.9142e+06,-1.1982e+06,6.7223e+06,7417.1,252.44,1557.5,-63.079,-89.886,-63.002
16,16,29,-1.9068e+06,-1.198e+06,6.7238e+06,7419.3,253.77,1549.9,-49.062,-89.901,-48.989
16,16,30,-1.8993e+06,-1.1977e+06,6.7254e+06,7421.4,255.11,1542.4,-42.18,-89.904,-42.112
16,16,31,-1.8919e+06,-1.1974e+06,6.7269e+06,7423.5,256.44,1534.9,-53.711,-89.879,-53.652
16,16,32,-1.8845e+06,-1.1972e+06,6.7284e+06,7425.6,257.77,1527.4,-65.242,-89.854,-65.191
16,16,33,-1.8771e+06,-1.1969e+06,6.73e+06,7427.7,259.11,1519.9,-76.773,-89.828,-76.731
16,16,34,-1.8696e+06,-1.1967e+06,6.7315e+06,7429.7,260.44,1512.4,-88.305,-89.803,-88.271
16,16,35,-1.8622e+06,-1.1964e+06,6.733e+06,7431.8,261.77,1504.9,-99.836,-89.778,-99.81
16,16,36,-1.8548e+06,-1.1961e+06,6.7345e+06,7433.9,263.11,1497.3,-111.37,-89.753,-111.35
16,16,37,-1.8473e+06,-1.1959e+06,6.736e+06,7435.9,264.44,1489.8,-122.9,-89.728,-122.89
16,16,38,-1.8399e+06,-1.1956e+06,6.7374e+06,7438,265.77,1482.3,-134.43,-89.702,-134.43
16,16,39,-1.8324e+06,-1.1953e+06,6.7389e+06,7440,267.11,1474.7,-145.96,-89.677,-145.97
16,16,40,-1.825e+06,-1.1951e+06,6.7404e+06,7442.1,268.44,1467.2,-153.62,-89.663,-153.63
16,16,41,-1.8176e+06,-1.1948e+06,6.7418e+06,7444.1,269.77,1459.6,-151.3,-89.678,-151.3
16,16,42,-1.8101e+06,-1.1945e+06,6.7433e+06,7446.1,271.11,1452.1,-148.97,-89.692,-148.96
16,16,43,-1.8027e+06,-1.1943e+06,6.7447e+06,7448.1,272.44,1444.5,-146.64,-89.707,-146.63
16,16,44,-1.7952e+06,-1.194e+06,6.7462e+06,7450.1,273.77,1437,-144.32,-89.721,-144.29
16,16,45,-1.7878e+06,-1.1937e+06,6.7476e+06,7452.1,275.11,1429.4,-141.99,-89.736,-141.96
16,16,46,-1.7803e+06,-1.1934e+06,6.749e+06,7454.1,276.44,1421.9,-139.67,-89.75,-139.62
16,16,47,-1.7728e+06,-1.1932e+06,6.7504e+06,7456.1,277.77,1414.3,-137.34,-89.765,-137.29
16,16,48,-1.7654e+06,-1.1929e+06,6.7518e+06,7458.1,279.11,1406.7,-135.02,-89.779,-134.95
16,16,50,-1.7505e+06,-1.1923e+06,6.7546e+06,7462,281.77,1391.6,-131.95,-89.799,-131.87
16,16,51,-1.743e+06,-1.192e+06,6.756e+06,7463.9,283.11,1384,-135.3,-89.783,-135.23
16,16,52,-1.7355e+06,-1.1917e+06,6.7574e+06,7465.9,284.44,1376.4,-138.66,-89.767,-138.58
16,16,53,-1.7281e+06,-1.1915e+06,6.7588e+06,7467.8,285.77,1368.9,-142.01,-89.751,-141.93
16,16,54,-1.7206e+06,-1.1912e+06,6.7601e+06,7469.7,287.11,1361.3,-145.37,-89.734,-145.29
16,16,55,-1.7131e+06,-1.1909e+06,6.7615e+06,7471.7,288.44,1353.7,-148.72,-89.718,-148.64
16,16,56,-1.7056e+06,-1.1906e+06,6.7628e+06,7473.6,289.77,1346.1,-152.08,-89.702,-151.99
16,16,57,-1.6982e+06,-1.1903e+06,6.7642e+06,7475.5,291.11,1338.5,-155.43,-89.685,-155.35
16,16,58,-1.6907e+06,-1.19e+06,6.7655e+06,7477.4,292.44,1330.9,-158.79,-89.669,-158.7
16,16,59,-1.6832e+06,-1.1897e+06,6.7668e+06,7479.3,293.78,1323.3,-162.14,-89.653,-162.05
16,17,0,-1.6757e+06,-1.1894e+06,6.7682e+06,7481.2,295.11,1315.7,-164.56,-89.641,-164.47
16,17,1,-1.6683e+06,-1.1891e+06,6.7695e+06,7483,296.44,1308.1,-164.58,-89.642,-164.49
16,17,2,-1.6608e+06,-1.1888e+06,6.7708e+06,7484.9,297.78,1300.5,-164.6,-89.643,-164.5
16,17,3,-1.6533e+06,-1.1885e+06,6.7721e+06,7486.8,299.11,1292.8,-164.61,-89.644,-164.52
16,17,4,-1.6458e+06,-1.1882e+06,6.7734e+06,7488.6,300.44,1285.2,-164.63,-89.644,-164.54
16,17,5,-1.6383e+06,-1.1879e+06,6.7746e+06,7490.5,301.78,1277.6,-164.65,-89.645,-164.55
16,17,6,-1.6308e+06,-1.1876e+06,6.7759e+06,7492.3,303.11,1270,-164.67,-89.646,-164.57
16,17,7,-1.6233e+06,-1.1873e+06,6.7772e+06,7494.1,304.44,1262.4,-164.68,-89.647,-164.58
16,17,8,-1.6158e+06,-1.187e+06,6.7785e+06,7495.9,305.78,1254.7,-164.7,-89.648,-164.6
16,17,9,-1.6083e+06,-1.1867e+06,6.7797e+06,7497.8,307.11,1247.1,-164.72,-89.648,-164.61
16,17,10,-1.6008e+06,-1.1864e+06,6.781e+06,7499.6,308.44,1239.5,-164.83,-89.647,-164.72
16,17,11,-1.5933e+06,-1.1861e+06,6.7822e+06,7501.4,309.77,1231.8,-165.19,-89.642,-165.08
16,17,12,-1.5858e+06,-1.1858e+06,6.7834e+06,7503.1,311.11,1224.2,-165.54,-89.636,-165.43
16,17,13,-1.5783e+06,-1.1855e+06,6.7846e+06,7504.9,312.44,1216.5,-165.9,-89.631,-165.78
16,17,14,-1.5708e+06,-1.1852e+06,6.7859e+06,7506.7,313.77,1208.9,-166.26,-89.625,-166.13
16,17,15,-1.5633e+06,-1.1849e+06,6.7871e+06,7508.5,315.11,1201.2,-166.61,-89.619,-166.49
16,17,16,-1.5558e+06,-1.1845e+06,6.7883e+06,7510.2,316.44,1193.6,-166.97,-89.614,-166.84
16,17,17,-1.5483e+06,-1.1842e+06,6.7895e+06,7512,317.77,1185.9,-167.33,-89.608,-167.19
16,17,18,-1.5408e+06,-1.1839e+06,6.7907e+06,7513.7,319.11,1178.2,-167.68,-89.603,-167.54
16,17,20,-1.5258e+06,-1.1833e+06,6.793e+06,7517.2,321.77,1162.9,-168.4,-89.591,-168.25
16,17,21,-1.5182e+06,-1.1829e+06,6.7942e+06,7518.9,323.1,1155.2,-168.75,-89.586,-168.6
16,17,22,-1.5107e+06,-1.1826e+06,6.7953e+06,7520.6,324.44,1147.6,-169.11,-89.58,-168.95
16,17,23,-1.5032e+06,-1.1823e+06,6.7965e+06,7522.3,325.77,1139.9,-169.47,-89.575,-169.3
16,17,24,-1.4957e+06,-1.182e+06,6.7976e+06,7524,327.1,1132.2,-169.82,-89.569,-169.66
16,17,25,-1.4881e+06,-1.1816e+06,6.7988e+06,7525.7,328.43,1124.5,-170.18,-89.563,-170.01
16,17,26,-1.4806e+06,-1.1813e+06,6.7999e+06,7527.4,329.77,1116.9,-170.54,-89.558,-170.36
16,17,27,-1.4731e+06,-1.181e+06,6.801e+06,7529.1,331.1,1109.2,-170.89,-89.552,-170.71
16,17,28,-1.4656e+06,-1.1807e+06,6.8021e+06,7530.7,332.43,1101.5,-171.25,-89.547,-171.06
16,17,29,-1.458e+06,-1.1803e+06,6.8032e+06,7532.4,333.76,1093.8,-171.61,-89.541,-171.42
16,17,30,-1.4505e+06,-1.18e+06,6.8043e+06,7534,335.09,1086.1,-171.84,-89.537,-171.65
16,17,31,-1.443e+06,-1.1797e+06,6.8054e+06,7535.7,336.43,1078.4,-171.76,-89.537,-171.56
16,17,32,-1.4354e+06,-1.1793e+06,6.8065e+06,7537.3,337.76,1070.7,-171.68,-89.537,-171.48
16,17,33,-1.4279e+06,-1.179e+06,6.8076e+06,7538.9,339.09,1063,-171.6,-89.537,-171.4
16,17,34,-1.4204e+06,-1.1786e+06,6.8086e+06,7540.6,340.42,1055.3,-171.51,-89.537,-171.31
16,17,35,-1.4128e+06,-1.1783e+06,6.8097e+06,7542.2,341.75,1047.6,-171.43,-89.536,-171.23
16,17,36,-1.4053e+06,-1.178e+06,6.8107e+06,7543.8,343.09,1039.8,-171.35,-89.536,-171.15
16,17,37,-1.3977e+06,-1.1776e+06,6.8118e+06,7545.4,344.42,1032.1,-171.27,-89.536,-171.06
16,17,38,-1.3902e+06,-1.1773e+06,6.8128e+06,7546.9,345.75,1024.4,-171.19,-89.536,-170.98
16,17,39,-1.3827e+06,-1.1769e+06,6.8139e+06,7548.5,347.08,1016.7,-171.1,-89.536,-170.9
16,17,40,-1.3751e+06,-1.1766e+06,6.8149e+06,7550.1,348.41,1009,-170.94,-89.537,-170.74
16,17,41,-1.3676e+06,-1.1762e+06,6.8159e+06,7551.6,349.74,1001.2,-170.58,-89.542,-170.37
16,17,42,-1.36e+06,-1.1759e+06,6.8169e+06,7553.2,351.07,993.49,-170.21,-89.546,-170.01
16,17,43,-1.3525e+06,-1.1755e+06,6.8179e+06,7554.7,352.4,985.75,-169.85,-89.551,-169.65
16,17,44,-1.3449e+06,-1.1752e+06,6.8189e+06,7556.3,353.74,978.01,-169.48,-89.555,-169.29
16,17,45,-1.3373e+06,-1.1748e+06,6.8199e+06,7557.8,355.07,970.27,-169.12,-89.56,-168.92
16,17,46,-1.3298e+06,-1.1745e+06,6.8208e+06,7559.3,356.4,962.53,-168.75,-89.564,-168.56
16,17,47,-1.3222e+06,-1.1741e+06,6.8218e+06,7560.8,357.73,954.78,-168.39,-89.569,-168.2
16,17,48,-1.3147e+06,-1.1738e+06,6.8227e+06,7562.3,359.06,947.03,-168.02,-89.573,-167.84
16,17,50,-1.2995e+06,-1.173e+06,6.8246e+06,7565.3,361.72,931.52,-167.3,-89.581,-167.12
16,17,51,-1.292e+06,-1.1727e+06,6.8256e+06,7566.8,363.05,923.76,-166.97,-89.582,-166.79
16,17,52,-1.2844e+06,-1.1723e+06,6.8265e+06,7568.2,364.38,916,-166.64,-89.582,-166.46
16,17,53,-1.2768e+06,-1.172e+06,6.8274e+06,7569.7,365.71,908.23,-166.31,-89.583,-166.13
16,17,54,-1.2693e+06,-1.1716e+06,6.8283e+06,7571.1,367.04,900.46,-165.98,-89.584,-165.8
16,17,55,-1.2617e+06,-1.1712e+06,6.8292e+06,7572.6,368.37,892.69,-165.64,-89.584,-165.47
16,17,56,-1.2541e+06,-1.1709e+06,6.8301e+06,7574,369.7,884.92,-165.31,-89.585,-165.13
16,17,57,-1.2466e+06,-1.1705e+06,6.831e+06,7575.4,371.03,877.14,-164.98,-89.585,-164.8
16,17,58,-1.239e+06,-1.1701e+06,6.8319e+06,7576.8,372.36,869.36,-164.65,-89.586,-164.47
16,17,59,-1.2314e+06,-1.1697e+06,6.8327e+06,7578.2,373.69,861.58,-164.32,-89.587,-164.14
16,18,0,-1.2238e+06,-1.1694e+06,6.8336e+06,7579.6,375.02,853.79,-164,-89.587,-163.83
16,18,1,-1.2162e+06,-1.169e+06,6.8344e+06,7581,376.35,846,-163.73,-89.588,-163.56
16,18,2,-1.2087e+06,-1.1686e+06,6.8353e+06,7582.4,377.68,838.21,-163.45,-89.589,-163.29
16,18,3,-1.2011e+06,-1.1682e+06,6.8361e+06,7583.8,379,830.41,-163.18,-89.59,-163.01
16,18,4,-1.1935e+06,-1.1679e+06,6.8369e+06,7585.1,380.33,822.61,-162.91,-89.591,-162.74
16,18,5,-1.1859e+06,-1.1675e+06,6.8377e+06,7586.5,381.66,814.81,-162.64,-89.592,-162.47
16,18,6,-1.1783e+06,-1.1671e+06,6.8385e+06,7587.8,382.99,807.01,-162.36,-89.593,-162.2
16,18,7,-1.1707e+06,-1.1667e+06,6.8393e+06,7589.2,384.32,799.2,-162.09,-89.594,-161.93
16,18,8,-1.1631e+06,-1.1663e+06,6.8401e+06,7590.5,385.65,791.39,-161.82,-89.595,-161.66
16,18,9,-1.1556e+06,-1.1659e+06,6.8409e+06,7591.8,386.97,783.58,-161.55,-89.596,-161.39
16,18,10,-1.148e+06,-1.1655e+06,6.8417e+06,7593.1,388.3,775.76,-161.24,-89.598,-161.08
16,18,11,-1.1404e+06,-1.1652e+06,6.8425e+06,7594.4,389.63,767.94,-160.83,-89.6,-160.67
16,18,12,-1.1328e+06,-1.1648e+06,6.8432e+06,7595.7,390.96,760.12,-160.43,-89.602,-160.27
16,18,13,-1.1252e+06,-1.1644e+06,6.844e+06,7597,392.28,752.3,-160.02,-89.604,-159.87
16,18,14,-1.1176e+06,-1.164e+06,6.8447e+06,7598.2,393.61,744.47,-159.62,-89.606,-159.46
16,18,15,-1.11e+06,-1.1636e+06,6.8454e+06,7599.5,394.94,736.64,-159.21,-89.608,-159.06
16,18,16,-1.1024e+06,-1.1632e+06,6.8462e+06,7600.8,396.27,728.81,-158.8,-89.61,-158.65
16,18,17,-1.0948e+06,-1.1628e+06,6.8469e+06,7602,397.59,720.97,-158.4,-89.612,-158.25
16,18,18,-1.0872e+06,-1.1624e+06,6.8476e+06,7603.2,398.92,713.13,-157.99,-89.614,-157.84
16,18,20,-1.072e+06,-1.1616e+06,6.849e+06,7605.7,401.57,697.45,-156.67,-89.617,-156.53
16,18,21,-1.0644e+06,-1.1612e+06,6.8497e+06,7606.9,402.9,689.6,-154.43,-89.616,-154.3
16,18,22,-1.0567e+06,-1.1608e+06,6.8504e+06,7608.1,404.23,681.75,-152.2,-89.616,-152.08
16,18,23,-1.0491e+06,-1.1604e+06,6.851e+06,7609.3,405.55,673.9,-149.96,-89.615,-149.86
16,18,24,-1.0415e+06,-1.16e+06,6.8517e+06,7610.5,406.88,666.05,-147.72,-89.614,-147.63
16,18,25,-1.0339e+06,-1.1596e+06,6.8523e+06,7611.7,408.2,658.19,-145.48,-89.614,-145.41
16,18,26,-1.0263e+06,-1.1591e+06,6.853e+06,7612.8,409.53,650.33,-143.25,-89.613,-143.19
16,18,27,-1.0187e+06,-1.1587e+06,6.8536e+06,7614,410.85,642.47,-141.01,-89.612,-140.97
16,18,28,-1.0111e+06,-1.1583e+06,6.8543e+06,7615.1,412.18,634.61,-138.77,-89.612,-138.74
16,18,29,-1.0035e+06,-1.1579e+06,6.8549e+06,7616.3,413.5,626.74,-136.54,-89.611,-136.52
16,18,30,-9.9583e+05,-1.1575e+06,6.8555e+06,7617.4,414.83,618.87,-134.3,-89.61,-134.3
16,18,31,-9.8821e+05,-1.1571e+06,6.8561e+06,7618.6,416.15,611,-132.06,-89.61,-132.07
16,18,32,-9.8059e+05,-1.1567e+06,6.8567e+06,7619.7,417.48,603.13,-129.83,-89.609,-129.85
16,18,33,-9.7297e+05,-1.1562e+06,6.8573e+06,7620.8,418.8,595.25,-127.59,-89.608,-127.63
16,18,34,-9.6535e+05,-1.1558e+06,6.8579e+06,7621.9,420.13,587.37,-125.35,-89.608,-125.4
16,18,35,-9.5773e+05,-1.1554e+06,6.8585e+06,7623,421.45,579.49,-123.11,-89.607,-123.18
16,18,36,-9.501e+05,-1.155e+06,6.859e+06,7624.1,422.77,571.61,-120.88,-89.606,-120.96
16,18,37,-9.4248e+05,-1.1545e+06,6.8596e+06,7625.1,424.1,563.72,-118.64,-89.606,-118.74
16,18,38,-9.3485e+05,-1.1541e+06,6.8601e+06,7626.2,425.42,555.83,-116.4,-89.605,-116.51
16,18,39,-9.2722e+05,-1.1537e+06,6.8607e+06,7627.3,426.75,547.94,-114.17,-89.604,-114.29
16,18,40,-9.1959e+05,-1.1533e+06,6.8612e+06,7628.3,428.07,540.04,-113.21,-89.604,-113.34
16,18,41,-9.1196e+05,-1.1528e+06,6.8618e+06,7629.4,429.39,532.15,-115.54,-89.602,-115.67
16,18,42,-9.0433e+05,-1.1524e+06,6.8623e+06,7630.4,430.71,524.25,-117.88,-89.601,-118
16,18,43,-8.967e+05,-1.152e+06,6.8628e+06,7631.4,432.04,516.35,-120.22,-89.6,-120.33
16,18,44,-8.8907e+05,-1.1515e+06,6.8633e+06,7632.5,433.36,508.45,-122.56,-89.599,-122.66
16,18,45,-8.8143e+05,-1.1511e+06,6.8638e+06,7633.5,434.68,500.54,-124.89,-89.598,-124.99
16,18,46,-8.738e+05,-1.1507e+06,6.8643e+06,7634.5,436,492.63,-127.23,-89.596,-127.32
16,18,47,-8.6616e+05,-1.1502e+06,6.8648e+06,7635.5,437.33,484.72,-129.57,-89.595,-129.65
16,18,48,-8.5852e+05,-1.1498e+06,6.8653e+06,7636.5,438.65,476.81,-131.9,-89.594,-131.98
16,18,50,-8.4325e+05,-1.1489e+06,6.8662e+06,7638.4,441.29,460.98,-135.94,-89.593,-136.01
16,18,51,-8.3561e+05,-1.1485e+06,6.8667e+06,7639.4,442.61,453.06,-136,-89.595,-136.06
16,18,52,-8.2797e+05,-1.148e+06,6.8671e+06,7640.3,443.93,445.14,-136.07,-89.597,-136.12
16,18,53,-8.2032e+05,-1.1476e+06,6.8675e+06,7641.3,445.25,437.22,-136.13,-89.599,-136.18
16,18,54,-8.1268e+05,-1.1471e+06,6.868e+06,7642.2,446.57,429.29,-136.2,-89.601,-136.23
16,18,55,-8.0504e+05,-1.1467e+06,6.8684e+06,7643.1,447.89,421.36,-136.26,-89.604,-136.29
16,18,56,-7.9739e+05,-1.1462e+06,6.8688e+06,7644.1,449.21,413.43,-136.32,-89.606,-136.34
16,18,57,-7.8975e+05,-1.1458e+06,6.8692e+06,7645,450.53,405.5,-136.39,-89.608,-136.4
16,18,58,-7.821e+05,-1.1453e+06,6.8696e+06,7645.9,451.85,397.57,-136.45,-89.61,-136.46
16,18,59,-7.7446e+05,-1.1449e+06,6.87e+06,7646.8,453.17,389.63,-136.52,-89.612,-136.51
16,19,0,-7.6681e+05,-1.1444e+06,6.8704e+06,7647.7,454.49,381.69,-136.69,-89.614,-136.68
16,19,1,-7.5916e+05,-1.144e+06,6.8708e+06,7648.5,455.81,373.75,-137.17,-89.613,-137.15
16,19,2,-7.5151e+05,-1.1435e+06,6.8711e+06,7649.4,457.13,365.81,-137.64,-89.613,-137.62
16,19,3,-7.4386e+05,-1.1431e+06,6.8715e+06,7650.3,458.45,357.86,-138.11,-89.612,-138.09
16,19,4,-7.3621e+05,-1.1426e+06,6.8719e+06,7651.1,459.77,349.91,-138.59,-89.612,-138.55
16,19,5,-7.2856e+05,-1.1421e+06,6.8722e+06,7652,461.08,341.96,-139.06,-89.611,-139.02
16,19,6,-7.209e+05,-1.1417e+06,6.8726e+06,7652.8,462.4,334.01,-139.53,-89.611,-139.49
16,19,7,-7.1325e+05,-1.1412e+06,6.8729e+06,7653.6,463.72,326.06,-140.01,-89.61,-139.95
16,19,8,-7.056e+05,-1.1408e+06,6.8732e+06,7654.5,465.04,318.1,-140.48,-89.61,-140.42
16,19,9,-6.9794e+05,-1.1403e+06,6.8735e+06,7655.3,466.35,310.14,-140.95,-89.609,-140.89
16,19,10,-6.9029e+05,-1.1398e+06,6.8738e+06,7656.1,467.67,302.18,-141.38,-89.609,-141.31
16,19,11,-6.8263e+05,-1.1394e+06,6.8741e+06,7656.9,468.99,294.22,-141.7,-89.608,-141.62
16,19,12,-6.7497e+05,-1.1389e+06,6.8744e+06,7657.7,470.31,286.26,-142.01,-89.607,-141.94
16,19,13,-6.6731e+05,-1.1384e+06,6.8747e+06,7658.5,471.62,278.29,-142.33,-89.607,-142.25
16,19,14,-6.5965e+05,-1.1379e+06,6.875e+06,7659.2,472.94,270.32,-142.65,-89.606,-142.56
16,19,15,-6.52e+05,-1.1375e+06,6.8753e+06,7660,474.25,262.35,-142.96,-89.605,-142.87
16,19,16,-6.4433e+05,-1.137e+06,6.8755e+06,7660.7,475.57,254.38,-143.28,-89.605,-143.19
16,19,17,-6.3667e+05,-1.1365e+06,6.8758e+06,7661.5,476.88,246.41,-143.6,-89.604,-143.5
16,19,18,-6.2901e+05,-1.136e+06,6.876e+06,7662.2,478.2,238.43,-143.91,-89.603,-143.81
16,19,20,-6.1369e+05,-1.1351e+06,6.8765e+06,7663.7,480.83,222.47,-144.49,-89.602,-144.38
16,19,21,-6.0602e+05,-1.1346e+06,6.8767e+06,7664.4,482.14,214.49,-144.6,-89.603,-144.49
16,19,22,-5.9836e+05,-1.1341e+06,6.877e+06,7665.1,483.46,206.51,-144.72,-89.603,-144.6
16,19,23,-5.9069e+05,-1.1336e+06,6.8772e+06,7665.8,484.77,198.52,-144.83,-89.604,-144.72
16,19,24,-5.8303e+05,-1.1332e+06,6.8774e+06,7666.5,486.08,190.53,-144.95,-89.605,-144.83
16,19,25,-5.7536e+05,-1.1327e+06,6.8776e+06,7667.2,487.4,182.54,-145.06,-89.605,-144.94
16,19,26,-5.6769e+05,-1.1322e+06,6.8777e+06,7667.8,488.71,174.55,-145.17,-89.606,-145.05
16,19,27,-5.6003e+05,-1.1317e+06,6.8779e+06,7668.5,490.02,166.56,-145.29,-89.606,-145.17
16,19,28,-5.5236e+05,-1.1312e+06,6.8781e+06,7669.1,491.34,158.56,-145.4,-89.607,-145.28
16,19,29,-5.4469e+05,-1.1307e+06,6.8783e+06,7669.8,492.65,150.56,-145.52,-89.608,-145.39
16,19,30,-5.3702e+05,-1.1302e+06,6.8784e+06,7670.4,493.96,142.56,-145.64,-89.608,-145.51
16,19,31,-5.2935e+05,-1.1297e+06,6.8786e+06,7671.1,495.27,134.56,-145.8,-89.607,-145.67
16,19,32,-5.2168e+05,-1.1292e+06,6.8787e+06,7671.7,496.58,126.56,-145.95,-89.606,-145.82
16,19,33,-5.1401e+05,-1.1287e+06,6.8788e+06,7672.3,497.89,118.55,-146.11,-89.605,-145.97
16,19,34,-5.0634e+05,-1.1282e+06,6.8789e+06,7672.9,499.2,110.54,-146.26,-89.604,-146.12
16,19,35,-4.9866e+05,-1.1277e+06,6.8791e+06,7673.5,500.51,102.53,-146.42,-89.603,-146.28
16,19,36,-4.9099e+05,-1.1272e+06,6.8792e+06,7674.1,501.82,94.522,-146.57,-89.602,-146.43
16,19,37,-4.8332e+05,-1.1267e+06,6.8793e+06,7674.6,503.13,86.509,-146.73,-89.601,-146.58
16,19,38,-4.7564e+05,-1.1262e+06,6.8793e+06,7675.2,504.44,78.494,-146.88,-89.601,-146.74
16,19,39,-4.6797e+05,-1.1257e+06,6.8794e+06,7675.8,505.75,70.476,-147.03,-89.6,-146.89
16,19,40,-4.6029e+05,-1.1252e+06,6.8795e+06,7676.3,507.06,62.458,-147.14,-89.599,-147
16,19,41,-4.5262e+05,-1.1247e+06,6.8796e+06,7676.8,508.37,54.436,-147.13,-89.601,-146.99
16,19,42,-4.4494e+05,-1.1242e+06,6.8796e+06,7677.4,509.68,46.414,-147.12,-89.602,-146.98
16,19,43,-4.3726e+05,-1.1237e+06,6.8797e+06,7677.9,510.99,38.389,-147.11,-89.603,-146.96
16,19,44,-4.2959e+05,-1.1232e+06,6.8797e+06,7678.4,512.3,30.362,-147.1,-89.604,-146.95
16,19,45,-4.2191e+05,-1.1227e+06,6.8798e+06,7678.9,513.6,22.334,-147.09,-89.605,-146.94
16,19,46,-4.1423e+05,-1.1222e+06,6.8798e+06,7679.4,514.91,14.304,-147.08,-89.607,-146.93
16,19,47,-4.0655e+05,-1.1217e+06,6.8798e+06,7679.9,516.22,6.2716,-147.07,-89.608,-146.92
16,19,48,-3.9887e+05,-1.1211e+06,6.8798e+06,7680.4,517.52,-1.7623,-147.06,-89.609,-146.91
16,19,50,-3.8351e+05,-1.1201e+06,6.8798e+06,7681.3,520.14,-17.836,-146.99,-89.612,-146.84
16,19,51,-3.7583e+05,-1.1196e+06,6.8798e+06,7681.7,521.44,-25.876,-146.79,-89.614,-146.63
16,19,52,-3.6815e+05,-1.1191e+06,6.8797e+06,7682.2,522.75,-33.917,-146.58,-89.616,-146.43
16,19,53,-3.6047e+05,-1.1185e+06,6.8797e+06,7682.6,524.05,-41.96,-146.38,-89.618,-146.22
16,19,54,-3.5279e+05,-1.118e+06,6.8797e+06,7683,525.36,-50.005,-146.17,-89.62,-146.02
16,19,55,-3.4511e+05,-1.1175e+06,6.8796e+06,7683.4,526.66,-58.052,-145.97,-89.622,-145.82
16,19,56,-3.3742e+05,-1.117e+06,6.8796e+06,7683.8,527.96,-66.101,-145.76,-89.624,-145.61
16,19,57,-3.2974e+05,-1.1164e+06,6.8795e+06,7684.2,529.27,-74.151,-145.56,-89.626,-145.41
16,19,58,-3.2206e+05,-1.1159e+06,6.8794e+06,7684.6,530.57,-82.204,-145.35,-89.628,-145.2
16,21,34,4.1608e+05,-1.059e+06,6.8341e+06,7679,653.86,-861.78,-73.41,-89.841,-73.338
16,21,35,4.2376e+05,-1.0583e+06,6.8332e+06,7678.5,655.12,-869.95,-71.685,-89.842,-71.613
16,21,36,4.3144e+05,-1.0577e+06,6.8323e+06,7678,656.39,-878.12,-69.96,-89.842,-69.889
16,21,37,4.3911e+05,-1.057e+06,6.8315e+06,7677.5,657.65,-886.29,-68.235,-89.843,-68.164
16,21,38,4.4679e+05,-1.0564e+06,6.8306e+06,7676.9,658.91,-894.46,-66.51,-89.844,-66.44
16,21,39,4.5447e+05,-1.0557e+06,6.8297e+06,7676.4,660.17,-902.64,-64.785,-89.844,-64.715
16,21,40,4.6214e+05,-1.0551e+06,6.8288e+06,7675.9,661.43,-910.81,-62.955,-89.844,-62.886
16,21,41,4.6982e+05,-1.0544e+06,6.8279e+06,7675.3,662.69,-918.98,-60.855,-89.842,-60.786
16,21,42,4.7749e+05,-1.0537e+06,6.827e+06,7674.8,663.95,-927.16,-58.754,-89.839,-58.687
16,21,43,4.8517e+05,-1.0531e+06,6.826e+06,7674.2,665.21,-935.33,-56.654,-89.837,-56.587
16,21,44,4.9284e+05,-1.0524e+06,6.8251e+06,7673.6,666.47,-943.51,-54.554,-89.834,-54.488
16,21,45,5.0052e+05,-1.0517e+06,6.8242e+06,7673,667.72,-951.68,-52.453,-89.832,-52.389
16,21,46,5.0819e+05,-1.0511e+06,6.8232e+06,7672.4,668.98,-959.86,-50.353,-89.829,-50.289
16,21,47,5.1586e+05,-1.0504e+06,6.8223e+06,7671.8,670.24,-968.03,-48.252,-89.827,-48.19
19,40,16,-2.7703e+06,-1.2115e+06,6.485e+06,7119.2,78.693,2414.2,-90.005,-0.40896,44.876
19,40,20,-2.7418e+06,-1.2112e+06,6.4946e+06,7131.1,83.947,2386,-90,-0.36808,44.911
19,40,22,-2.7275e+06,-1.211e+06,6.4994e+06,7137,86.576,2371.9,-89.999,-0.34968,44.925
19,40,24,-2.7132e+06,-1.2109e+06,6.5041e+06,7142.9,89.205,2357.7,-89.997,-0.33128,44.939
19,40,26,-2.699e+06,-1.2107e+06,6.5088e+06,7148.8,91.835,2343.5,-89.996,-0.31288,44.953
19,40,28,-2.6846e+06,-1.2105e+06,6.5134e+06,7154.6,94.466,2329.3,-89.995,-0.29615,44.966
19,40,30,-2.6703e+06,-1.2103e+06,6.5181e+06,7160.4,97.098,2315.1,-89.993,-0.28455,44.974
19,40,32,-2.656e+06,-1.2101e+06,6.5227e+06,7166.2,99.73,2300.9,-89.991,-0.27295,44.983
19,40,34,-2.6416e+06,-1.2099e+06,6.5272e+06,7171.9,102.36,2286.6,-89.989,-0.26135,44.991
19,40,36,-2.6273e+06,-1.2097e+06,6.5318e+06,7177.7,105,2272.4,-89.987,-0.24975,45
19,40,38,-2.6129e+06,-1.2095e+06,6.5363e+06,7183.4,107.63,2258.1,-89.986,-0.23899,45.007
19,40,40,-2.5985e+06,-1.2092e+06,6.5408e+06,7189,110.27,2243.8,-89.986,-0.23079,45.013
19,40,42,-2.5842e+06,-1.209e+06,6.5453e+06,7194.7,112.91,2229.5,-89.986,-0.22259,45.018
19,40,44,-2.5698e+06,-1.2088e+06,6.5497e+06,7200.3,115.54,2215.2,-89.987,-0.21439,45.024
19,40,46,-2.5554e+06,-1.2085e+06,6.5541e+06,7205.9,118.18,2200.8,-89.987,-0.20619,45.029
19,40,50,-2.5265e+06,-1.2081e+06,6.5628e+06,7216.9,123.46,2172.1,-89.986,-0.19452,45.038
19,40,52,-2.5121e+06,-1.2078e+06,6.5672e+06,7222.5,126.1,2157.7,-89.984,-0.19012,45.043
19,40,54,-2.4976e+06,-1.2076e+06,6.5715e+06,7227.9,128.74,2143.3,-89.983,-0.18572,45.047
19,40,56,-2.4831e+06,-1.2073e+06,6.5757e+06,7233.4,131.38,2128.9,-89.982,-0.18132,45.052
19,40,58,-2.4687e+06,-1.207e+06,6.58e+06,7238.8,134.02,2114.5,-89.981,-0.17761,45.056
19,41,0,-2.4542e+06,-1.2068e+06,6.5842e+06,7244.2,136.67,2100,-89.979,-0.17601,45.058
19,41,2,-2.4397e+06,-1.2065e+06,6.5884e+06,7249.5,139.31,2085.5,-89.977,-0.17441,45.061
19,41,4,-2.4252e+06,-1.2062e+06,6.5925e+06,7254.9,141.95,2071.1,-89.975,-0.17281,45.063
19,41,6,-2.4107e+06,-1.2059e+06,6.5967e+06,7260.2,144.6,2056.6,-89.973,-0.17121,45.066
19,41,8,-2.3961e+06,-1.2056e+06,6.6008e+06,7265.5,147.24,2042,-89.971,-0.17059,45.069
19,41,10,-2.3816e+06,-1.2053e+06,6.6049e+06,7270.7,149.89,2027.5,-89.967,-0.17299,45.075
19,41,12,-2.3671e+06,-1.205e+06,6.6089e+06,7275.9,152.54,2013,-89.963,-0.17539,45.081
19,41,14,-2.3525e+06,-1.2047e+06,6.6129e+06,7281.1,155.18,1998.4,-89.958,-0.17779,45.087
19,41,16,-2.3379e+06,-1.2044e+06,6.6169e+06,7286.3,157.83,1983.8,-89.954,-0.18019,45.093
19,41,20,-2.3088e+06,-1.2038e+06,6.6248e+06,7296.5,163.13,1954.7,-89.957,-0.19383,45.082
19,41,22,-2.2942e+06,-1.2034e+06,6.6287e+06,7301.6,165.78,1940,-89.962,-0.20333,45.069
19,41,24,-2.2796e+06,-1.2031e+06,6.6326e+06,7306.7,168.43,1925.4,-89.968,-0.21283,45.056
19,41,26,-2.265e+06,-1.2028e+06,6.6364e+06,7311.7,171.08,1910.7,-89.973,-0.22233,45.044
19,41,28,-2.2503e+06,-1.2024e+06,6.6403e+06,7316.7,173.73,1896.1,-89.978,-0.23183,45.031
19,41,30,-2.2357e+06,-1.2021e+06,6.6441e+06,7321.6,176.38,1881.4,-89.983,-0.24133,45.018
19,41,32,-2.2211e+06,-1.2017e+06,6.6478e+06,7326.6,179.03,1866.7,-89.988,-0.25083,45.005
19,41,34,-2.2064e+06,-1.2014e+06,6.6515e+06,7331.5,181.68,1852,-89.993,-0.26033,44.992
19,41,36,-2.1918e+06,-1.201e+06,6.6553e+06,7336.3,184.33,1837.3,-89.998,-0.26983,44.98
19,41,38,-2.1771e+06,-1.2006e+06,6.6589e+06,7341.2,186.99,1822.5,-90.002,-0.2853,44.967
19,41,40,-2.1624e+06,-1.2003e+06,6.6626e+06,7346,189.64,1807.8,-90,-0.3191,44.952
19,41,42,-2.1477e+06,-1.1999e+06,6.6662e+06,7350.8,192.29,1793,-89.998,-0.3529,44.938
19,41,44,-2.133e+06,-1.1995e+06,6.6698e+06,7355.5,194.95,1778.2,-89.997,-0.3867,44.924
19,41,46,-2.1183e+06,-1.1991e+06,6.6733e+06,7360.2,197.6,1763.4,-89.995,-0.4205,44.91
19,41,50,-2.0888e+06,-1.1983e+06,6.6803e+06,7369.6,202.91,1733.8,-89.974,-0.48636,44.901
19,41,52,-2.0741e+06,-1.1979e+06,6.6838e+06,7374.2,205.57,1718.9,-89.959,-0.51876,44.903
19,41,54,-2.0594e+06,-1.1975e+06,6.6872e+06,7378.8,208.22,1704.1,-89.943,-0.55116,44.905
19,41,56,-2.0446e+06,-1.1971e+06,6.6906e+06,7383.3,210.88,1689.2,-89.927,-0.58356,44.907
19,41,58,-2.0298e+06,-1.1967e+06,6.694e+06,7387.9,213.54,1674.3,-89.915,-0.60756,44.912
19,42,0,-2.015e+06,-1.1962e+06,6.6973e+06,7392.3,216.19,1659.4,-89.914,-0.60576,44.926
19,42,2,-2.0003e+06,-1.1958e+06,6.7006e+06,7396.8,218.85,1644.5,-89.914,-0.60396,44.94
19,42,4,-1.9855e+06,-1.1953e+06,6.7039e+06,7401.2,221.51,1629.5,-89.913,-0.60216,44.953
19,42,6,-1.9707e+06,-1.1949e+06,6.7071e+06,7405.6,224.17,1614.6,-89.912,-0.60036,44.967
19,42,8,-1.9558e+06,-1.1944e+06,6.7103e+06,7410,226.82,1599.6,-89.909,-0.60042,44.971
19,42,10,-1.941e+06,-1.194e+06,6.7135e+06,7414.3,229.48,1584.6,-89.898,-0.60622,44.947
19,42,12,-1.9262e+06,-1.1935e+06,6.7166e+06,7418.6,232.14,1569.6,-89.887,-0.61202,44.923
19,42,14,-1.9113e+06,-1.1931e+06,6.7198e+06,7422.9,234.8,1554.6,-89.876,-0.61782,44.899
19,42,16,-1.8965e+06,-1.1926e+06,6.7228e+06,7427.1,237.46,1539.6,-89.865,-0.62362,44.875
19,42,20,-1.8667e+06,-1.1916e+06,6.7289e+06,7435.5,242.78,1509.5,-89.86,-0.60384,44.848
19,42,22,-1.8519e+06,-1.1911e+06,6.7319e+06,7439.6,245.44,1494.4,-89.862,-0.58444,44.841
19,42,24,-1.837e+06,-1.1906e+06,6.7349e+06,7443.7,248.1,1479.3,-89.864,-0.56504,44.834
19,42,26,-1.8221e+06,-1.1901e+06,6.7378e+06,7447.8,250.76,1464.2,-89.866,-0.54564,44.826
19,42,28,-1.8072e+06,-1.1896e+06,6.7407e+06,7451.8,253.42,1449.1,-89.869,-0.5253,44.822
19,42,30,-1.7923e+06,-1.1891e+06,6.7436e+06,7455.8,256.08,1434,-89.871,-0.5021,44.824
19,42,32,-1.7773e+06,-1.1886e+06,6.7464e+06,7459.8,258.74,1418.8,-89.874,-0.4789,44.827
19,42,34,-1.7624e+06,-1.1881e+06,6.7492e+06,7463.8,261.4,1403.7,-89.876,-0.4557,44.829
19,42,36,-1.7475e+06,-1.1875e+06,6.752e+06,7467.7,264.06,1388.5,-89.879,-0.4325,44.832
19,42,38,-1.7325e+06,-1.187e+06,6.7547e+06,7471.6,266.72,1373.3,-89.882,-0.40955,44.837
19,42,40,-1.7176e+06,-1.1865e+06,6.7575e+06,7475.4,269.38,1358.1,-89.888,-0.38735,44.849
19,42,42,-1.7026e+06,-1.1859e+06,6.7601e+06,7479.2,272.04,1342.9,-89.894,-0.36515,44.862
19,42,44,-1.6877e+06,-1.1854e+06,6.7628e+06,7483,274.71,1327.7,-89.9,-0.34295,44.874
19,42,46,-1.6727e+06,-1.1848e+06,6.7654e+06,7486.8,277.37,1312.5,-89.906,-0.32075,44.887
19,42,50,-1.6427e+06,-1.1837e+06,6.7706e+06,7494.2,282.69,1282,-89.941,-0.26414,44.94
19,42,52,-1.6277e+06,-1.1831e+06,6.7732e+06,7497.9,285.35,1266.7,-89.967,-0.23214,44.975
19,42,54,-1.6127e+06,-1.1826e+06,6.7757e+06,7501.6,288.01,1251.4,-89.992,-0.20014,45.01
19,42,56,-1.5977e+06,-1.182e+06,6.7782e+06,7505.2,290.67,1236.1,-90.017,-0.16814,45.045
19,42,58,-1.5827e+06,-1.1814e+06,6.7806e+06,7508.7,293.33,1220.8,-90.033,-0.14562,45.067
19,43,0,-1.5677e+06,-1.1808e+06,6.783e+06,7512.3,295.99,1205.5,-90.021,-0.15222,45.052
19,43,2,-1.5527e+06,-1.1802e+06,6.7854e+06,7515.8,298.65,1190.2,-90.008,-0.15882,45.036
19,43,4,-1.5376e+06,-1.1796e+06,6.7878e+06,7519.3,301.31,1174.8,-89.996,-0.16542,45.02
19,43,6,-1.5226e+06,-1.179e+06,6.7901e+06,7522.8,303.97,1159.5,-89.983,-0.17202,45.005
19,43,8,-1.5075e+06,-1.1784e+06,6.7925e+06,7526.2,306.63,1144.1,-89.978,-0.17228,44.998
19,43,10,-1.4925e+06,-1.1778e+06,6.7947e+06,7529.6,309.29,1128.7,-89.994,-0.15308,45.019
19,43,12,-1.4774e+06,-1.1772e+06,6.797e+06,7532.9,311.95,1113.3,-90.01,-0.13388,45.04
19,43,14,-1.4623e+06,-1.1765e+06,6.7992e+06,7536.3,314.61,1097.9,-90.027,-0.11468,45.061
19,43,16,-1.4473e+06,-1.1759e+06,6.8014e+06,7539.6,317.27,1082.5,-90.043,-0.095484,45.082
19,43,20,-1.4171e+06,-1.1746e+06,6.8057e+06,7546.1,322.59,1051.7,-90.042,-0.10292,45.056
19,43,22,-1.402e+06,-1.174e+06,6.8078e+06,7549.3,325.25,1036.2,-90.031,-0.12052,45.023
19,43,24,-1.3869e+06,-1.1733e+06,6.8099e+06,7552.4,327.91,1020.7,-90.02,-0.13812,44.99
19,43,26,-1.3718e+06,-1.1727e+06,6.8119e+06,7555.6,330.57,1005.3,-90.009,-0.15572,44.956
19,43,28,-1.3567e+06,-1.172e+06,6.8139e+06,7558.7,333.23,989.79,-89.999,-0.17033,44.929
19,43,30,-1.3416e+06,-1.1714e+06,6.8159e+06,7561.8,335.89,974.3,-89.989,-0.17573,44.922
19,43,32,-1.3265e+06,-1.1707e+06,6.8178e+06,7564.8,338.54,958.79,-89.979,-0.18113,44.914
19,43,34,-1.3113e+06,-1.17e+06,6.8197e+06,7567.8,341.2,943.28,-89.969,-0.18653,44.907
19,43,36,-1.2962e+06,-1.1693e+06,6.8216e+06,7570.8,343.86,927.75,-89.959,-0.19193,44.9
19,43,38,-1.281e+06,-1.1686e+06,6.8235e+06,7573.7,346.51,912.21,-89.953,-0.19408,44.895
19,43,40,-1.2659e+06,-1.1679e+06,6.8253e+06,7576.7,349.17,896.66,-89.959,-0.18628,44.897
19,43,42,-1.2507e+06,-1.1672e+06,6.8271e+06,7579.5,351.83,881.09,-89.966,-0.17848,44.899
19,43,44,-1.2356e+06,-1.1665e+06,6.8289e+06,7582.4,354.48,865.52,-89.972,-0.17068,44.902
19,43,46,-1.2204e+06,-1.1658e+06,6.8306e+06,7585.2,357.14,849.93,-89.979,-0.16288,44.904
19,43,50,-1.1901e+06,-1.1644e+06,6.8339e+06,7590.7,362.45,818.72,-89.982,-0.15027,44.899
19,43,52,-1.1749e+06,-1.1637e+06,6.8356e+06,7593.4,365.1,803.1,-89.98,-0.14487,44.894
19,43,54,-1.1597e+06,-1.1629e+06,6.8372e+06,7596.1,367.75,787.47,-89.979,-0.13947,44.888
19,43,56,-1.1445e+06,-1.1622e+06,6.8387e+06,7598.7,370.41,771.83,-89.977,-0.13407,44.883
19,43,58,-1.1293e+06,-1.1615e+06,6.8403e+06,7601.3,373.06,756.17,-89.975,-0.12926,44.878
19,44,0,-1.1141e+06,-1.1607e+06,6.8418e+06,7603.9,375.71,740.51,-89.972,-0.12626,44.876
19,44,2,-1.0989e+06,-1.16e+06,6.8432e+06,7606.4,378.36,724.83,-89.969,-0.12326,44.873
19,44,4,-1.0837e+06,-1.1592e+06,6.8447e+06,7608.9,381.01,709.14,-89.966,-0.12026,44.87
19,44,6,-1.0685e+06,-1.1584e+06,6.8461e+06,7611.3,383.66,693.44,-89.962,-0.11726,44.867
19,44,8,-1.0532e+06,-1.1577e+06,6.8474e+06,7613.7,386.31,677.73,-89.959,-0.11466,44.866
19,44,10,-1.038e+06,-1.1569e+06,6.8487e+06,7616.1,388.96,662,-89.956,-0.11326,44.872
19,44,12,-1.0228e+06,-1.1561e+06,6.85e+06,7618.5,391.61,646.27,-89.952,-0.11186,44.878
19,44,14,-1.0075e+06,-1.1553e+06,6.8513e+06,7620.8,394.26,630.53,-89.949,-0.11046,44.884
19,44,16,-9.9229e+05,-1.1545e+06,6.8525e+06,7623.1,396.9,614.77,-89.946,-0.10906,44.89
19,44,20,-9.6179e+05,-1.1529e+06,6.8549e+06,7627.5,402.2,583.23,-89.902,-0.14113,44.896
19,44,22,-9.4653e+05,-1.1521e+06,6.856e+06,7629.7,404.84,567.45,-89.868,-0.16773,44.898
19,44,24,-9.3127e+05,-1.1513e+06,6.8571e+06,7631.8,407.49,551.65,-89.835,-0.19433,44.899
19,44,26,-9.16e+05,-1.1505e+06,6.8582e+06,7633.9,410.13,535.85,-89.802,-0.22093,44.9
19,44,28,-9.0073e+05,-1.1496e+06,6.8593e+06,7636,412.78,520.03,-89.772,-0.23972,44.898
19,44,30,-8.8545e+05,-1.1488e+06,6.8603e+06,7638,415.42,504.21,-89.75,-0.23452,44.885
19,44,32,-8.7017e+05,-1.148e+06,6.8612e+06,7640,418.06,488.37,-89.728,-0.22932,44.872
19,44,34,-8.5489e+05,-1.1471e+06,6.8622e+06,7642,420.7,472.53,-89.707,-0.22412,44.859
19,44,36,-8.396e+05,-1.1463e+06,6.8631e+06,7644,423.34,456.68,-89.685,-0.21892,44.846
19,44,38,-8.2431e+05,-1.1454e+06,6.864e+06,7645.9,425.98,440.82,-89.668,-0.21311,44.833
19,44,40,-8.0901e+05,-1.1446e+06,6.8648e+06,7647.7,428.62,424.94,-89.664,-0.20541,44.822
19,44,42,-7.9371e+05,-1.1437e+06,6.8657e+06,7649.6,431.26,409.07,-89.66,-0.19771,44.811
19,44,44,-7.7841e+05,-1.1429e+06,6.8665e+06,7651.4,433.9,393.18,-89.657,-0.19001,44.8
19,44,46,-7.631e+05,-1.142e+06,6.8672e+06,7653.1,436.54,377.28,-89.653,-0.18231,44.789
19,44,50,-7.3248e+05,-1.1402e+06,6.8687e+06,7656.6,441.81,345.46,-89.645,-0.16691,44.767
19,44,52,-7.1716e+05,-1.1393e+06,6.8693e+06,7658.3,444.44,329.54,-89.641,-0.15921,44.756
19,44,54,-7.0184e+05,-1.1384e+06,6.87e+06,7659.9,447.08,313.6,-89.638,-0.15151,44.745
19,44,56,-6.8652e+05,-1.1375e+06,6.8706e+06,7661.5,449.71,297.66,-89.634,-0.14381,44.734
19,44,58,-6.7119e+05,-1.1366e+06,6.8712e+06,7663.1,452.34,281.72,-89.636,-0.1349,44.729
19,45,0,-6.5586e+05,-1.1357e+06,6.8717e+06,7664.6,454.97,265.76,-89.658,-0.1223,44.742
19,45,2,-6.4053e+05,-1.1348e+06,6.8722e+06,7666.1,457.6,249.8,-89.68,-0.1097,44.755
19,45,4,-6.252e+05,-1.1339e+06,6.8727e+06,7667.6,460.23,233.82,-89.701,-0.097104,44.768
19,45,6,-6.0986e+05,-1.133e+06,6.8732e+06,7669,462.86,217.84,-89.723,-0.084504,44.78
19,45,8,-5.9452e+05,-1.1321e+06,6.8736e+06,7670.4,465.49,201.86,-89.744,-0.072101,44.793
19,45,10,-5.7918e+05,-1.1311e+06,6.874e+06,7671.8,468.12,185.86,-89.762,-0.060301,44.806
19,45,12,-5.6383e+05,-1.1302e+06,6.8743e+06,7673.1,470.74,169.86,-89.781,-0.048501,44.819
19,45,14,-5.4848e+05,-1.1292e+06,6.8747e+06,7674.4,473.37,153.85,-89.799,-0.036701,44.832
19,45,16,-5.3313e+05,-1.1283e+06,6.875e+06,7675.7,475.99,137.83,-89.818,-0.024901,44.844
19,45,20,-5.0243e+05,-1.1264e+06,6.8755e+06,7678.1,481.24,105.77,-89.841,-0.011765,44.839
19,45,22,-4.8707e+05,-1.1254e+06,6.8757e+06,7679.3,483.86,89.726,-89.849,-0.0083646,44.827
19,45,24,-4.7171e+05,-1.1245e+06,6.8759e+06,7680.4,486.48,73.677,-89.857,-0.0049646,44.814
19,45,26,-4.5635e+05,-1.1235e+06,6.876e+06,7681.5,489.09,57.621,-89.864,-0.0015645,44.802
19,45,28,-4.4099e+05,-1.1225e+06,6.8761e+06,7682.6,491.71,41.558,-89.863,0.00041017,44.785
19,45,30,-4.2562e+05,-1.1215e+06,6.8762e+06,7683.6,494.33,25.487,-89.836,-0.0019898,44.75
19,45,32,-4.1025e+05,-1.1205e+06,6.8763e+06,7684.6,496.94,9.41,-89.808,-0.0043898,44.716
19,45,34,-3.9489e+05,-1.1195e+06,6.8763e+06,7685.5,499.56,-6.6744,-89.781,-0.0067898,44.682
19,45,36,-3.7951e+05,-1.1185e+06,6.8763e+06,7686.5,502.17,-22.766,-89.754,-0.0091898,44.648
19,45,38,-3.6414e+05,-1.1175e+06,6.8762e+06,7687.4,504.78,-38.865,-89.725,-0.0087392,44.622
19,45,40,-3.4877e+05,-1.1165e+06,6.8761e+06,7688.2,507.39,-54.97,-89.694,0.00046081,44.623
19,45,42,-3.3339e+05,-1.1155e+06,6.876e+06,7689,510,-71.083,-89.663,0.009661,44.623
19,45,44,-3.1802e+05,-1.1145e+06,6.8759e+06,7689.8,512.61,-87.203,-89.632,0.018861,44.624
19,45,46,-3.0264e+05,-1.1135e+06,6.8757e+06,7690.5,515.22,-103.33,-89.601,0.028061,44.625
19,45,50,-2.7187e+05,-1.1114e+06,6.8753e+06,7691.9,520.42,-135.6,-89.584,0.046461,44.634
19,45,52,-2.5649e+05,-1.1103e+06,6.875e+06,7692.5,523.03,-151.75,-89.589,0.055661,44.641
19,45,54,-2.4111e+05,-1.1093e+06,6.8747e+06,7693.1,525.63,-167.9,-89.594,0.064861,44.648
19,45,56,-2.2572e+05,-1.1082e+06,6.8743e+06,7693.7,528.23,-184.06,-89.598,0.074061,44.656
19,45,58,-2.1034e+05,-1.1072e+06,6.8739e+06,7694.2,530.83,-200.23,-89.605,0.082376,44.664
19,46,0,-1.9495e+05,-1.1061e+06,6.8735e+06,7694.7,533.42,-216.4,-89.619,0.087976,44.679
19,46,2,-1.7956e+05,-1.1051e+06,6.8731e+06,7695.1,536.02,-232.58,-89.632,0.093576,44.693
19,46,4,-1.6417e+05,-1.104e+06,6.8726e+06,7695.5,538.61,-248.77,-89.645,0.099176,44.707
19,46,6,-1.4878e+05,-1.1029e+06,6.8721e+06,7695.8,541.21,-264.97,-89.659,0.10478,44.721
19,46,8,-1.3339e+05,-1.1018e+06,6.8715e+06,7696.2,543.8,-281.17,-89.671,0.11003,44.733
19,46,10,-1.18e+05,-1.1007e+06,6.8709e+06,7696.5,546.39,-297.37,-89.681,0.11423,44.737
19,46,12,-1.0261e+05,-1.0996e+06,6.8703e+06,7696.7,548.97,-313.58,-89.69,0.11843,44.742
19,46,14,-87213,-1.0985e+06,6.8696e+06,7696.9,551.56,-329.8,-89.699,0.12263,44.746
19,46,16,-71820,-1.0974e+06,6.8689e+06,7697.1,554.15,-346.02,-89.708,0.12683,44.75
19,46,20,-41032,-1.0952e+06,6.8675e+06,7697.3,559.31,-378.49,-89.727,0.13523,44.759
19,46,22,-25637,-1.0941e+06,6.8667e+06,7697.4,561.89,-394.73,-89.736,0.13943,44.763
19,46,24,-10242,-1.0929e+06,6.8659e+06,7697.4,564.47,-410.97,-89.746,0.14363,44.767
19,46,26,5152.7,-1.0918e+06,6.865e+06,7697.4,567.05,-427.23,-89.755,0.14783,44.772
19,46,28,20547,-1.0907e+06,6.8641e+06,7697.3,569.62,-443.48,-89.767,0.15203,44.777
19,46,30,35942,-1.0895e+06,6.8632e+06,7697.3,572.2,-459.74,-89.786,0.15623,44.785
19,46,32,51337,-1.0884e+06,6.8622e+06,7697.1,574.77,-476.01,-89.806,0.16043,44.793
19,46,34,66731,-1.0872e+06,6.8613e+06,7697,577.34,-492.28,-89.825,0.16463,44.802
19,46,36,82125,-1.086e+06,6.8602e+06,7696.8,579.91,-508.55,-89.844,0.16883,44.81
19,46,38,97519,-1.0849e+06,6.8592e+06,7696.6,582.48,-524.83,-89.863,0.17121,44.815
19,46,40,1.1291e+05,-1.0837e+06,6.8581e+06,7696.3,585.05,-541.12,-89.879,0.16801,44.809
19,46,42,1.2831e+05,-1.0825e+06,6.857e+06,7696,587.61,-557.41,-89.895,0.16481,44.803
19,46,44,1.437e+05,-1.0814e+06,6.8559e+06,7695.7,590.18,-573.7,-89.912,0.16161,44.797
19,46,46,1.5909e+05,-1.0802e+06,6.8547e+06,7695.3,592.74,-590,-89.928,0.15841,44.791
19,46,50,1.8987e+05,-1.0778e+06,6.8523e+06,7694.5,597.86,-622.6,-89.936,0.15675,44.785
19,46,52,2.0526e+05,-1.0766e+06,6.851e+06,7694,600.41,-638.91,-89.933,0.15735,44.785
19,46,54,2.2065e+05,-1.0754e+06,6.8497e+06,7693.5,602.97,-655.22,-89.93,0.15795,44.784
19,46,56,2.3604e+05,-1.0742e+06,6.8484e+06,7692.9,605.52,-671.54,-89.927,0.15855,44.783
19,46,58,2.5142e+05,-1.073e+06,6.847e+06,7692.3,608.07,-687.86,-89.923,0.1588,44.78
19,47,0,2.6681e+05,-1.0717e+06,6.8456e+06,7691.7,610.62,-704.18,-89.913,0.158,44.769
19,47,2,2.8219e+05,-1.0705e+06,6.8442e+06,7691.1,613.17,-720.51,-89.903,0.1572,44.758
19,47,4,2.9758e+05,-1.0693e+06,6.8427e+06,7690.4,615.72,-736.84,-89.893,0.1564,44.747
19,47,6,3.1296e+05,-1.0681e+06,6.8413e+06,7689.7,618.26,-753.17,-89.883,0.1556,44.735
19,47,8,3.2834e+05,-1.0668e+06,6.8397e+06,7688.9,620.81,-769.51,-89.875,0.15387,44.722
19,47,10,3.4372e+05,-1.0656e+06,6.8382e+06,7688.1,623.35,-785.85,-89.876,0.14927,44.701
19,47,12,3.5909e+05,-1.0643e+06,6.8366e+06,7687.3,625.89,-802.19,-89.877,0.14467,44.681
19,47,14,3.7447e+05,-1.0631e+06,6.835e+06,7686.4,628.42,-818.54,-89.878,0.14007,44.66
19,47,16,3.8984e+05,-1.0618e+06,6.8333e+06,7685.5,630.96,-834.89,-89.878,0.13547,44.64
19,47,20,4.2058e+05,-1.0593e+06,6.83e+06,7683.6,636.02,-867.6,-89.891,0.14047,44.636
19,47,22,4.3595e+05,-1.058e+06,6.8282e+06,7682.6,638.55,-883.95,-89.9,0.14727,44.646
19,47,24,4.5132e+05,-1.0567e+06,6.8265e+06,7681.6,641.08,-900.31,-89.91,0.15407,44.655
19,47,26,4.6668e+05,-1.0555e+06,6.8247e+06,7680.5,643.61,-916.67,-89.919,0.16087,44.665
19,47,28,4.8204e+05,-1.0542e+06,6.8228e+06,7679.4,646.13,-933.04,-89.929,0.16767,44.675
19,47,30,4.974e+05,-1.0529e+06,6.821e+06,7678.2,648.65,-949.4,-89.938,0.17447,44.685
19,47,32,5.1275e+05,-1.0516e+06,6.8191e+06,7677,651.17,-965.77,-89.948,0.18127,44.694
19,47,34,5.2811e+05,-1.0503e+06,6.8171e+06,7675.8,653.69,-982.14,-89.957,0.18807,44.704
19,47,36,5.4346e+05,-1.049e+06,6.8152e+06,7674.5,656.21,-998.52,-89.967,0.19487,44.714
19,47,38,5.5881e+05,-1.0477e+06,6.8132e+06,7673.2,658.72,-1014.9,-89.976,0.20207,44.724
19,47,40,5.7415e+05,-1.0463e+06,6.8111e+06,7671.9,661.23,-1031.3,-89.983,0.21047,44.737
19,47,42,5.895e+05,-1.045e+06,6.8091e+06,7670.5,663.74,-1047.6,-89.99,0.21887,44.75
19,47,44,6.0484e+05,-1.0437e+06,6.807e+06,7669.1,666.25,-1064,-89.997,0.22727,44.763
19,47,46,6.2017e+05,-1.0424e+06,6.8048e+06,7667.6,668.75,-1080.4,-90.004,0.23567,44.775
19,47,50,6.5084e+05,-1.0397e+06,6.8005e+06,7664.6,673.75,-1113.2,-89.998,0.24624,44.78
19,47,52,6.6616e+05,-1.0383e+06,6.7982e+06,7663,676.25,-1129.6,-89.988,0.24964,44.775
19,47,54,6.8149e+05,-1.037e+06,6.796e+06,7661.4,678.75,-1146,-89.979,0.25304,44.771
19,47,56,6.9681e+05,-1.0356e+06,6.7937e+06,7659.8,681.24,-1162.3,-89.97,0.25644,44.766
19,47,58,7.1212e+05,-1.0343e+06,6.7913e+06,7658.1,683.73,-1178.7,-89.955,0.25674,44.759
19,48,0,7.2744e+05,-1.0329e+06,6.789e+06,7656.3,686.22,-1195.1,-89.924,0.24754,44.741
19,48,2,7.4275e+05,-1.0315e+06,6.7865e+06,7654.6,688.71,-1211.5,-89.893,0.23834,44.723
19,48,4,7.5805e+05,-1.0301e+06,6.7841e+06,7652.7,691.19,-1227.9,-89.862,0.22914,44.706
19,48,6,7.7335e+05,-1.0287e+06,6.7816e+06,7650.9,693.67,-1244.3,-89.831,0.21994,44.688
19,48,8,7.8865e+05,-1.0273e+06,6.7791e+06,7649,696.15,-1260.7,-89.797,0.20026,44.666
19,48,10,8.0395e+05,-1.026e+06,6.7766e+06,7647.1,698.62,-1277.1,-89.75,0.14846,44.629
19,48,12,8.1923e+05,-1.0246e+06,6.774e+06,7645.1,701.1,-1293.5,-89.703,0.096664,44.592
19,48,14,8.3452e+05,-1.0231e+06,6.7714e+06,7643.1,703.57,-1309.9,-89.657,0.044863,44.556
19,48,16,8.498e+05,-1.0217e+06,6.7687e+06,7641,706.04,-1326.3,-89.61,-0.0069371,44.519
19,48,20,8.8035e+05,-1.0189e+06,6.7633e+06,7636.8,710.97,-1359.1,-89.544,-0.045751,44.481
19,48,22,8.9562e+05,-1.0175e+06,6.7606e+06,7634.6,713.43,-1375.5,-89.518,-0.045551,44.473
19,48,24,9.1089e+05,-1.016e+06,6.7578e+06,7632.4,715.89,-1391.9,-89.493,-0.045351,44.464
19,48,26,9.2615e+05,-1.0146e+06,6.755e+06,7630.2,718.34,-1408.3,-89.468,-0.045151,44.456
19,48,28,9.414e+05,-1.0132e+06,6.7521e+06,7627.9,720.8,-1424.7,-89.451,-0.041066,44.449
19,48,30,9.5665e+05,-1.0117e+06,6.7492e+06,7625.6,723.25,-1441.1,-89.459,-0.025066,44.447
19,48,32,9.719e+05,-1.0103e+06,6.7463e+06,7623.2,725.7,-1457.5,-89.467,-0.009066,44.445
19,48,34,9.8714e+05,-1.0088e+06,6.7434e+06,7620.8,728.15,-1473.9,-89.474,0.006934,44.443
19,48,36,1.0024e+06,-1.0073e+06,6.7404e+06,7618.4,730.59,-1490.3,-89.482,0.022934,44.441
19,48,38,1.0176e+06,-1.0059e+06,6.7374e+06,7616,733.03,-1506.7,-89.49,0.039033,44.44
19,48,40,1.0328e+06,-1.0044e+06,6.7343e+06,7613.4,735.47,-1523.1,-89.496,0.055432,44.442
19,48,42,1.0481e+06,-1.0029e+06,6.7313e+06,7610.9,737.91,-1539.5,-89.502,0.071833,44.444
19,48,44,1.0633e+06,-1.0015e+06,6.7282e+06,7608.3,740.34,-1555.8,-89.508,0.088233,44.447
